Title,Header in MD,Header in WDCML,Path in Kit,Area,Project,Type in MD,Type in WDCML,SubType in WDCML,Scraped,Scraped Status,Asset ID,Date Scraped,Xml Location,MD Location,Owner
IOCTL_ACPI_ASYNC_EVAL_METHOD_V1_EX,acpiioct.h,['Acpiioct.h'],['Driver_Shared_Headers\\acpiioct.h'],WDK,acpi,ioctl,special_constant,ioctl,N,Type Mismatch,FE37693B-5FA8-4FBA-ACAE-D0283E5A5354,N/A,acpi\ioctl_acpi_async_eval_method_v1_ex.htm,ACPIIOCT\SkeletonMD\ni-acpiioct-ioctl-acpi-async-eval-method-v1-ex.md,REDMOND\bagold
IOCTL_ACPI_ASYNC_EVAL_METHOD_V1,acpiioct.h,['Acpiioct.h'],['Driver_Shared_Headers\\acpiioct.h'],WDK,acpi,ioctl,special_constant,ioctl,N,Type Mismatch,C5EEDB49-A392-432B-9761-BBC79EACAC76,N/A,acpi\ioctl_acpi_async_eval_method_v1.htm,ACPIIOCT\SkeletonMD\ni-acpiioct-ioctl-acpi-async-eval-method-v1.md,REDMOND\bagold
IOCTL_ACPI_ASYNC_EVAL_METHOD_V2_EX,acpiioct.h,['Acpiioct.h'],['Driver_Shared_Headers\\acpiioct.h'],WDK,acpi,ioctl,special_constant,ioctl,N,Type Mismatch,287C3BA2-5B81-427A-904C-0C6B81C41D2B,N/A,acpi\ioctl_acpi_async_eval_method_v2_ex.htm,ACPIIOCT\SkeletonMD\ni-acpiioct-ioctl-acpi-async-eval-method-v2-ex.md,REDMOND\bagold
IOCTL_ACPI_ASYNC_EVAL_METHOD_V2,acpiioct.h,['Acpiioct.h'],['Driver_Shared_Headers\\acpiioct.h'],WDK,acpi,ioctl,special_constant,ioctl,N,Type Mismatch,14BF3D50-C2B5-413A-9EE0-38DA50C43CB5,N/A,acpi\ioctl_acpi_async_eval_method_v2.htm,ACPIIOCT\SkeletonMD\ni-acpiioct-ioctl-acpi-async-eval-method-v2.md,REDMOND\bagold
IOCTL_ACPI_EVAL_METHOD_V1_EX,acpiioct.h,['Acpiioct.h'],['Driver_Shared_Headers\\acpiioct.h'],WDK,acpi,ioctl,special_constant,ioctl,N,Type Mismatch,83289F6B-FF3D-4538-A66E-7C01B1F55F1C,N/A,acpi\ioctl_acpi_eval_method_v1_ex.htm,ACPIIOCT\SkeletonMD\ni-acpiioct-ioctl-acpi-eval-method-v1-ex.md,REDMOND\bagold
IOCTL_ACPI_EVAL_METHOD_V1,acpiioct.h,['Acpiioct.h'],['Driver_Shared_Headers\\acpiioct.h'],WDK,acpi,ioctl,special_constant,ioctl,N,Type Mismatch,C30A633F-62D6-4249-8E33-24D3D2BB52A5,N/A,acpi\ioctl_acpi_eval_method_v1.htm,ACPIIOCT\SkeletonMD\ni-acpiioct-ioctl-acpi-eval-method-v1.md,REDMOND\bagold
IOCTL_ACPI_EVAL_METHOD_V2_EX,acpiioct.h,['Acpiioct.h'],['Driver_Shared_Headers\\acpiioct.h'],WDK,acpi,ioctl,special_constant,ioctl,N,Type Mismatch,E1085A8B-D02D-4B2D-9F97-059D1647E56B,N/A,acpi\ioctl_acpi_eval_method_v2_ex.htm,ACPIIOCT\SkeletonMD\ni-acpiioct-ioctl-acpi-eval-method-v2-ex.md,REDMOND\bagold
IOCTL_ACPI_EVAL_METHOD_V2,acpiioct.h,['Acpiioct.h'],['Driver_Shared_Headers\\acpiioct.h'],WDK,acpi,ioctl,special_constant,ioctl,N,Type Mismatch,0303BBFE-37F4-4E49-86C1-B1662C8F7BD3,N/A,acpi\ioctl_acpi_eval_method_v2.htm,ACPIIOCT\SkeletonMD\ni-acpiioct-ioctl-acpi-eval-method-v2.md,REDMOND\bagold
IOCTL_ACPI_GET_DEVICE_SPECIFIC_DATA,acpiioct.h,['Acpiioct.h'],['Driver_Shared_Headers\\acpiioct.h'],WDK,acpi,ioctl,special_constant,ioctl,N,Type Mismatch,83A415A6-8101-4AF9-B4EC-2B1AE07F31EF,N/A,acpi\ioctl_acpi_get_device_specific_data.htm,ACPIIOCT\SkeletonMD\ni-acpiioct-ioctl-acpi-get-device-specific-data.md,REDMOND\bagold
INIT_AVCSTRM_HEADER,avcstrm.h,['Avcstrm.h'],['Kernel_Mode_Headers_(x86)\\avcstrm.h'],WDK,stream,function,macro,macro,N,Type Mismatch,FD7BFB23-128A-49CC-9215-695101AAEC2C,N/A,stream\init_avcstrm_header.htm,AVCSTRM\SkeletonMD\nf-avcstrm-init-avcstrm-header.md,REDMOND\bagold
DXGKDDI_CHECKMULTIPLANEOVERLAYSUPPORT3,d3dkmddi.h,['D3dkmddi.h'],['Driver_Shared_Headers\\d3dkmddi.h'],WDK,display,callback,function,function,N,Type Mismatch,C3C9A0C8-6CE9-42A2-8924-851B62595421,N/A,display\dxgkddi_checkmultiplaneoverlaysupport3.htm,D3DKMDDI\SkeletonMD\nc-d3dkmddi-dxgkddi-checkmultiplaneoverlaysupport3.md,REDMOND\nabazan
DXGKDDI_CREATEPROTECTEDSESSION,d3dkmddi.h,['D3dkmddi.h'],['Driver_Shared_Headers\\d3dkmddi.h'],WDK,display,callback,function,function,N,Type Mismatch,1E4211E7-42BE-4159-AC71-B6592BF29D9D,N/A,display\dxgkddi_createprotectedsession.htm,D3DKMDDI\SkeletonMD\nc-d3dkmddi-dxgkddi-createprotectedsession.md,REDMOND\nabazan
DXGKDDI_DESTROYPROTECTEDSESSION,d3dkmddi.h,['D3dkmddi.h'],['Driver_Shared_Headers\\d3dkmddi.h'],WDK,display,callback,function,function,N,Type Mismatch,665E82BD-D9F8-4A90-B02D-FE472D8849FE,N/A,display\dxgkddi_destroyprotectedsession.htm,D3DKMDDI\SkeletonMD\nc-d3dkmddi-dxgkddi-destroyprotectedsession.md,REDMOND\nabazan
DXGKDDI_GETMULTIPLANEOVERLAYCAPS,d3dkmddi.h,['D3dkmddi.h'],['Driver_Shared_Headers\\d3dkmddi.h'],WDK,display,callback,function,function,N,Type Mismatch,60C438AE-53FE-4CC4-AD43-DAB457CE26C4,N/A,display\dxgkddi_getmultiplaneoverlaycaps.htm,D3DKMDDI\SkeletonMD\nc-d3dkmddi-dxgkddi-getmultiplaneoverlaycaps.md,REDMOND\nabazan
DXGKDDI_GETPOSTCOMPOSITIONCAPS,d3dkmddi.h,['D3dkmddi.h'],['Driver_Shared_Headers\\d3dkmddi.h'],WDK,display,callback,function,function,N,Type Mismatch,5AE1FAC2-D2A8-4C11-9113-54EFAB535715,N/A,display\dxgkddi_getpostcompositioncaps.htm,D3DKMDDI\SkeletonMD\nc-d3dkmddi-dxgkddi-getpostcompositioncaps.md,REDMOND\nabazan
DXGKDDI_POSTMULTIPLANEOVERLAYPRESENT,d3dkmddi.h,['D3dkmddi.h'],['Driver_Shared_Headers\\d3dkmddi.h'],WDK,display,callback,function,function,N,Type Mismatch,0176286B-3375-4CFB-A41C-78A5F54DD60F,N/A,display\dxgkddi_postmultiplaneoverlaypresent.htm,D3DKMDDI\SkeletonMD\nc-d3dkmddi-dxgkddi-postmultiplaneoverlaypresent.md,REDMOND\nabazan
DXGKDDI_SETTIMINGSFROMVIDPN,d3dkmddi.h,['D3dkmddi.h'],['Driver_Shared_Headers\\d3dkmddi.h'],WDK,display,callback,function,function,N,Type Mismatch,632B9CF8-E123-4E3F-8818-C0B5EE418B85,N/A,display\dxgkddi_settimingsfromvidpn.htm,D3DKMDDI\SkeletonMD\nc-d3dkmddi-dxgkddi-settimingsfromvidpn.md,REDMOND\nabazan
DXGKDDI_SETVIDPNSOURCEADDRESSWITHMULTIPLANEOVERLAY3,d3dkmddi.h,['D3dkmddi.h'],['Driver_Shared_Headers\\d3dkmddi.h'],WDK,display,callback,function,function,N,Type Mismatch,0144213A-28A8-4C48-83DC-BF85A40EB294,N/A,display\dxgkddi_setvidpnsourceaddresswithmultiplaneoverlay3.htm,D3DKMDDI\SkeletonMD\nc-d3dkmddi-dxgkddi-setvidpnsourceaddresswithmultiplaneoverlay3.md,REDMOND\nabazan
DXGKDDI_UPDATEHWCONTEXTSTATE,d3dkmddi.h,['D3dkmddi.h'],['Driver_Shared_Headers\\d3dkmddi.h'],WDK,display,callback,function,function,N,Type Mismatch,05959D00-29E4-4911-9BFB-E0EAA8A80F22,N/A,display\dxgkddi_updatehwcontextstate.htm,D3DKMDDI\SkeletonMD\nc-d3dkmddi-dxgkddi-updatehwcontextstate.md,REDMOND\nabazan
PDXGK_GRAPHICSPOWER_UNREGISTER,d3dkmthk.h,['D3dkmthk.h'],['Kernel_Mode_Headers_(x86)\\d3dkmthk.h'],WDK,display,callback,function,function,N,Type Mismatch,0C99D98D-FF29-4891-8F4D-3C9DF18815B8,N/A,display\pdxgk_graphicspower_unregister.htm,D3DKMTHK\SkeletonMD\nc-d3dkmthk-pdxgk-graphicspower-unregister.md,REDMOND\nabazan
PDXGK_SET_SHARED_POWER_COMPONENT_STATE,d3dkmthk.h,['D3dkmthk.h'],['Kernel_Mode_Headers_(x86)\\d3dkmthk.h'],WDK,display,callback,function,function,N,Type Mismatch,22EC00F9-23E3-455D-A00A-105F68B8503C,N/A,display\pdxgk_set_shared_power_component_state.htm,D3DKMTHK\SkeletonMD\nc-d3dkmthk-pdxgk-set-shared-power-component-state.md,REDMOND\nabazan
D3DKMTCreateHwContext,d3dkmthk.h,['D3dkmthk.h'],['Kernel_Mode_Headers_(x86)\\d3dkmthk.h'],WDK,display,function,callback,callback,N,Type Mismatch,090CCB6B-22D8-4991-8CD9-83BBBF791A41,N/A,display\d3dkmtcreatehwcontext.htm,D3DKMTHK\SkeletonMD\nf-d3dkmthk-d3dkmtcreatehwcontext.md,REDMOND\nabazan
D3DKMTCreateHwQueue,d3dkmthk.h,['D3dkmthk.h'],['Kernel_Mode_Headers_(x86)\\d3dkmthk.h'],WDK,display,function,callback,callback,N,Type Mismatch,23AF29DA-CB5D-4EAF-B56C-64030DABABED,N/A,display\d3dkmtcreatehwqueue.htm,D3DKMTHK\SkeletonMD\nf-d3dkmthk-d3dkmtcreatehwqueue.md,REDMOND\nabazan
D3DKMTDestroyHwContext,d3dkmthk.h,['D3dkmthk.h'],['Kernel_Mode_Headers_(x86)\\d3dkmthk.h'],WDK,display,function,callback,callback,N,Type Mismatch,27418448-EE13-4B2C-BDB7-BE9576CC1119,N/A,display\d3dkmtdestroyhwcontext.htm,D3DKMTHK\SkeletonMD\nf-d3dkmthk-d3dkmtdestroyhwcontext.md,REDMOND\nabazan
D3DKMTDestroyHwQueue,d3dkmthk.h,['D3dkmthk.h'],['Kernel_Mode_Headers_(x86)\\d3dkmthk.h'],WDK,display,function,callback,callback,N,Type Mismatch,3D18C8C9-202B-4F26-A72E-42F580D30FAB,N/A,display\d3dkmtdestroyhwqueue.htm,D3DKMTHK\SkeletonMD\nf-d3dkmthk-d3dkmtdestroyhwqueue.md,REDMOND\nabazan
D3DKMTSubmitCommandToHwQueue,d3dkmthk.h,['D3dkmthk.h'],['Kernel_Mode_Headers_(x86)\\d3dkmthk.h'],WDK,display,function,callback,callback,N,Type Mismatch,225B034C-4E17-4D43-8D75-F448AFC53E0B,N/A,display\d3dkmtsubmitcommandtohwqueue.htm,D3DKMTHK\SkeletonMD\nf-d3dkmthk-d3dkmtsubmitcommandtohwqueue.md,REDMOND\nabazan
D3DKMTSubmitSignalSyncObjectsToHwQueue,d3dkmthk.h,['D3dkmthk.h'],['Kernel_Mode_Headers_(x86)\\d3dkmthk.h'],WDK,display,function,callback,callback,N,Type Mismatch,00170103-CBB7-4D12-A3DE-56B6EF0CF591,N/A,display\d3dkmtsubmitsignalsyncobjectstohwqueue.htm,D3DKMTHK\SkeletonMD\nf-d3dkmthk-d3dkmtsubmitsignalsyncobjectstohwqueue.md,REDMOND\nabazan
D3DKMTSubmitWaitForSyncObjectsToHwQueue,d3dkmthk.h,['D3dkmthk.h'],['Kernel_Mode_Headers_(x86)\\d3dkmthk.h'],WDK,display,function,callback,callback,N,Type Mismatch,C21BCDE3-A856-42E1-89C7-F4D29A6CAC8D,N/A,display\d3dkmtsubmitwaitforsyncobjectstohwqueue.htm,D3DKMTHK\SkeletonMD\nf-d3dkmthk-d3dkmtsubmitwaitforsyncobjectstohwqueue.md,REDMOND\nabazan
GETENCRYPTIONBLTKEY,d3dumddi.h,['D3dumddi.h'],['Driver_User_Mode_Headers\\d3dumddi.h'],WDK,display,struct,function,function,N,Type Mismatch,F0A057A5-BC2B-43C0-A3BA-FC3837DEB7D8,N/A,display\getencryptionbltkey1.htm,D3DUMDDI\SkeletonMD\ns-d3dumddi--getencryptionbltkey.md,REDMOND\nabazan
WriteMsr,dbgeng.h,"['Wdbgexts.h', 'Dbgeng.h']",,WDK,Debugger,function,method,method,N,Type Mismatch,B9206556-B953-4F60-9A58-5E4578987AE6,N/A,debugger\writemsr.htm,DBGENG\SkeletonMD\nf-dbgeng-idebugdataspaces-writemsr.md,REDMOND\domars
WritePhysical,dbgeng.h,"['Wdbgexts.h', 'Dbgeng.h']",,WDK,Debugger,function,method,method,N,Type Mismatch,27A64DE6-C6CA-44BC-8AFE-8D9B8F323925,N/A,debugger\writephysical.htm,DBGENG\SkeletonMD\nf-dbgeng-idebugdataspaces-writephysical.md,REDMOND\domars
GetFieldOffset,dbgeng.h,"['Wdbgexts.h', 'Dbgeng.h']",,WDK,Debugger,function,method,function,N,Type Mismatch,89C8E4BB-3EE4-45A4-8D86-7290E90B2D87,N/A,debugger\getfieldoffset.htm,DBGENG\SkeletonMD\nf-dbgeng-idebugsymbols-getfieldoffset.md,REDMOND\domars
GetCurrentProcessHandle,dbgeng.h,"['Wdbgexts.h', 'Dbgeng.h']",,WDK,Debugger,function,method,function,N,Type Mismatch,478AE978-17D4-446C-AC8C-52FBDCE45433,N/A,debugger\getcurrentprocesshandle.htm,DBGENG\SkeletonMD\nf-dbgeng-idebugsystemobjects-getcurrentprocesshandle.md,REDMOND\domars
DXGKCB_ACQUIRE_POST_DISPLAY_OWNERSHIP2,dispmprt.h,['Dispmprt.h'],['Kernel_Mode_Headers_(x86)\\dispmprt.h'],WDK,display,callback,function,function,N,Type Mismatch,2AB7AC6A-C041-4853-82A0-95596F1419D3,N/A,display\dxgkcb_acquire_post_display_ownership2.htm,DISPMPRT\SkeletonMD\nc-dispmprt-dxgkcb-acquire-post-display-ownership2.md,REDMOND\nabazan
FltCbdqDisable,fltkernel.h,['Fltkernel.h'],['Kernel_Mode_Headers_(x86)\\fltKernel.h'],WDK,ifsk,function,callback,callback,N,Type Mismatch,E6A059D0-CF30-4180-B593-5F8A0518D417,N/A,ifsk\fltcbdqdisable.htm,FLTKERNEL\SkeletonMD\nf-fltkernel-fltcbdqdisable.md,REDMOND\andki
FltCbdqEnable,fltkernel.h,['Fltkernel.h'],['Kernel_Mode_Headers_(x86)\\fltKernel.h'],WDK,ifsk,function,callback,callback,N,Type Mismatch,CD2DFE90-0336-4DE0-889F-C4C8D237C711,N/A,ifsk\fltcbdqenable.htm,FLTKERNEL\SkeletonMD\nf-fltkernel-fltcbdqenable.md,REDMOND\andki
FltCbdqInitialize,fltkernel.h,['Fltkernel.h'],['Kernel_Mode_Headers_(x86)\\fltKernel.h'],WDK,ifsk,function,callback,callback,N,Type Mismatch,9C09D9ED-4887-41C5-8F67-BECC117BD4DB,N/A,ifsk\fltcbdqinitialize.htm,FLTKERNEL\SkeletonMD\nf-fltkernel-fltcbdqinitialize.md,REDMOND\andki
FltCbdqInsertIo,fltkernel.h,['Fltkernel.h'],['Kernel_Mode_Headers_(x86)\\fltKernel.h'],WDK,ifsk,function,callback,callback,N,Type Mismatch,358A4026-E4F5-4E0B-83BA-7B626C9DC425,N/A,ifsk\fltcbdqinsertio.htm,FLTKERNEL\SkeletonMD\nf-fltkernel-fltcbdqinsertio.md,REDMOND\andki
FltCbdqRemoveIo,fltkernel.h,['Fltkernel.h'],['Kernel_Mode_Headers_(x86)\\fltKernel.h'],WDK,ifsk,function,callback,callback,N,Type Mismatch,ACD36A88-EAA6-4B69-B62B-07806565114F,N/A,ifsk\fltcbdqremoveio.htm,FLTKERNEL\SkeletonMD\nf-fltkernel-fltcbdqremoveio.md,REDMOND\andki
FltCbdqRemoveNextIo,fltkernel.h,['Fltkernel.h'],['Kernel_Mode_Headers_(x86)\\fltKernel.h'],WDK,ifsk,function,callback,callback,N,Type Mismatch,EC7946E6-859C-4010-9BCE-748ABAB7A061,N/A,ifsk\fltcbdqremovenextio.htm,FLTKERNEL\SkeletonMD\nf-fltkernel-fltcbdqremovenextio.md,REDMOND\andki
FltCheckOplock,fltkernel.h,['Fltkernel.h'],['Kernel_Mode_Headers_(x86)\\fltKernel.h'],WDK,ifsk,function,callback,callback,N,Type Mismatch,C3D79F58-C235-4F14-B70B-87C8EA96AEAD,N/A,ifsk\fltcheckoplock.htm,FLTKERNEL\SkeletonMD\nf-fltkernel-fltcheckoplock.md,REDMOND\andki
GPIO_CLX_AcquireInterruptLock,gpioclx.h,['Gpioclx.h'],['Kernel_Mode_Headers_(x86)\\gpioclx.h'],WDK,GPIO,function,method,method,N,Type Mismatch,487F355E-88C1-455E-874F-6007FDFA8C6B,N/A,gpio\gpio_clx_acquireinterruptlock.htm,GPIOCLX\SkeletonMD\nf-gpioclx-gpio-clx-acquireinterruptlock.md,REDMOND\prwilk
GPIO_CLX_ProcessAddDevicePostDeviceCreate,gpioclx.h,['Gpioclx.h'],['Kernel_Mode_Headers_(x86)\\gpioclx.h'],WDK,GPIO,function,method,method,N,Type Mismatch,DC9B898C-0DC2-4F96-835D-2548262D14ED,N/A,gpio\gpio_clx_processadddevicepostdevicecreate.htm,GPIOCLX\SkeletonMD\nf-gpioclx-gpio-clx-processadddevicepostdevicecreate.md,REDMOND\prwilk
GPIO_CLX_ProcessAddDevicePreDeviceCreate,gpioclx.h,['Gpioclx.h'],['Kernel_Mode_Headers_(x86)\\gpioclx.h'],WDK,GPIO,function,method,method,N,Type Mismatch,15C5FC74-5592-4598-A765-6A41300871C0,N/A,gpio\gpio_clx_processadddevicepredevicecreate.htm,GPIOCLX\SkeletonMD\nf-gpioclx-gpio-clx-processadddevicepredevicecreate.md,REDMOND\prwilk
GPIO_CLX_RegisterClient,gpioclx.h,['Gpioclx.h'],['Kernel_Mode_Headers_(x86)\\gpioclx.h'],WDK,GPIO,function,method,method,N,Type Mismatch,F2DE1F81-7011-4F16-B37E-66BB57A03FBE,N/A,gpio\gpio_clx_registerclient.htm,GPIOCLX\SkeletonMD\nf-gpioclx-gpio-clx-registerclient.md,REDMOND\prwilk
GPIO_CLX_ReleaseInterruptLock,gpioclx.h,['Gpioclx.h'],['Kernel_Mode_Headers_(x86)\\gpioclx.h'],WDK,GPIO,function,method,method,N,Type Mismatch,A334B15E-6D2A-438A-99D7-4C340CF8FB8A,N/A,gpio\gpio_clx_releaseinterruptlock.htm,GPIOCLX\SkeletonMD\nf-gpioclx-gpio-clx-releaseinterruptlock.md,REDMOND\prwilk
GPIO_CLX_UnregisterClient,gpioclx.h,['Gpioclx.h'],['Kernel_Mode_Headers_(x86)\\gpioclx.h'],WDK,GPIO,function,method,method,N,Type Mismatch,6468BF48-F3EC-4E8C-A9FE-DBBE9C4288DC,N/A,gpio\gpio_clx_unregisterclient.htm,GPIOCLX\SkeletonMD\nf-gpioclx-gpio-clx-unregisterclient.md,REDMOND\prwilk
HWN_CLIENT_GET_STATE,hwnclx.h,['Hwnclx.h'],['Kernel_Mode_Headers_(x86)\\hwnclx.h'],WDK,gpiobtn,function,callback,drv_function,N,Type Mismatch,0BD91AD9-3D04-4511-B7AB-E55EE496FEDF,N/A,gpiobtn\hwn_client_get_state.htm,HWNCLX\SkeletonMD\nf-hwnclx-hwn-client-get-state.md,REDMOND\prwilk
HWN_CLIENT_INITIALIZE_DEVICE,hwnclx.h,['Hwnclx.h'],['Kernel_Mode_Headers_(x86)\\hwnclx.h'],WDK,gpiobtn,function,callback,drv_function,N,Type Mismatch,47F83E93-2D1F-4E24-905F-E763C8C298A7,N/A,gpiobtn\hwn_client_initialize_device.htm,HWNCLX\SkeletonMD\nf-hwnclx-hwn-client-initialize-device.md,REDMOND\prwilk
HWN_CLIENT_QUERY_DEVICE_INFORMATION,hwnclx.h,['Hwnclx.h'],['Kernel_Mode_Headers_(x86)\\hwnclx.h'],WDK,gpiobtn,function,callback,drv_function,N,Type Mismatch,C551D039-1DBA-4C5D-9F50-7441CB66C4E9,N/A,gpiobtn\hwn_client_query_device_information.htm,HWNCLX\SkeletonMD\nf-hwnclx-hwn-client-query-device-information.md,REDMOND\prwilk
HWN_CLIENT_SET_STATE,hwnclx.h,['Hwnclx.h'],['Kernel_Mode_Headers_(x86)\\hwnclx.h'],WDK,gpiobtn,function,callback,drv_function,N,Type Mismatch,866C32A3-5204-4133-9E5E-C3B6E63CCC53,N/A,gpiobtn\hwn_client_set_state.htm,HWNCLX\SkeletonMD\nf-hwnclx-hwn-client-set-state.md,REDMOND\prwilk
HWN_CLIENT_START_DEVICE,hwnclx.h,['Hwnclx.h'],['Kernel_Mode_Headers_(x86)\\hwnclx.h'],WDK,gpiobtn,function,callback,drv_function,N,Type Mismatch,8CD6B507-38FE-4BE3-9B14-6A156C225488,N/A,gpiobtn\hwn_client_start_device.htm,HWNCLX\SkeletonMD\nf-hwnclx-hwn-client-start-device.md,REDMOND\prwilk
HWN_CLIENT_STOP_DEVICE,hwnclx.h,['Hwnclx.h'],['Kernel_Mode_Headers_(x86)\\hwnclx.h'],WDK,gpiobtn,function,callback,drv_function,N,Type Mismatch,2D520970-7D74-40BA-9B5B-0ABBD7B35D9A,N/A,gpiobtn\hwn_client_stop_device.htm,HWNCLX\SkeletonMD\nf-hwnclx-hwn-client-stop-device.md,REDMOND\prwilk
HWN_CLIENT_UNINITIALIZE_DEVICE,hwnclx.h,['Hwnclx.h'],['Kernel_Mode_Headers_(x86)\\hwnclx.h'],WDK,gpiobtn,function,callback,drv_function,N,Type Mismatch,3FD03652-042B-4F1C-8AA0-0169B1C96A2C,N/A,gpiobtn\hwn_client_uninitialize_device.htm,HWNCLX\SkeletonMD\nf-hwnclx-hwn-client-uninitialize-device.md,REDMOND\prwilk
NpdBrokerAcquireWithTimeout,knetpwrdepbroker.h,['KNetPwrDepBroker.h'],['Kernel_Mode_Headers_(x86)\\KNetPwrDepBroker.h'],WDK,netvista,function,callback,callback,N,Type Mismatch,E3C98577-A055-405B-8F36-CC11B71ED054,N/A,netvista\npdbrokeracquirewithtimeout.htm,KNETPWRDEPBROKER\SkeletonMD\nf-knetpwrdepbroker-npdbrokeracquirewithtimeout.md,REDMOND\dumacmic
NpdBrokerInitialize,knetpwrdepbroker.h,['KNetPwrDepBroker.h'],['Kernel_Mode_Headers_(x86)\\KNetPwrDepBroker.h'],WDK,netvista,function,callback,callback,N,Type Mismatch,9E7E9D26-E2BF-42F5-8164-4CE0C924774B,N/A,netvista\npdbrokerinitialize.htm,KNETPWRDEPBROKER\SkeletonMD\nf-knetpwrdepbroker-npdbrokerinitialize.md,REDMOND\dumacmic
NpdBrokerUninitialize,knetpwrdepbroker.h,['KNetPwrDepBroker.h'],['Kernel_Mode_Headers_(x86)\\KNetPwrDepBroker.h'],WDK,netvista,function,callback,callback,N,Type Mismatch,4115D565-B8AE-4ACB-B885-9FFD18762907,N/A,netvista\npdbrokeruninitialize.htm,KNETPWRDEPBROKER\SkeletonMD\nf-knetpwrdepbroker-npdbrokeruninitialize.md,REDMOND\dumacmic
FIELD_OFFSET,wdm.h,"['Ntddk.h', 'Wdm.h', 'Ntdef.h']",['Kernel_Mode_Headers_(x86)\\wdm.h'],WDK,kernel,function,macro,macro,N,Type Mismatch,83DBDFCB-57A7-4DEF-86A0-EDA355F69E9A,N/A,kernel\field_offset.htm,WDM\SkeletonMD\nf-wdm-field-offset.md,REDMOND\prwilk
INTERFACE,wdm.h,"['Ntddk.h', 'Wdm.h', 'Ntifs.h']",['Kernel_Mode_Headers_(x86)\\wdm.h'],WDK,kernel,struct,ovw,struct,N,Type Mismatch,07F10F49-4DAE-419F-AEEF-83EBD9DA9008,N/A,kernel\interface.htm,WDM\SkeletonMD\ns-wdm--interface.md,REDMOND\prwilk
FILTER_SYNCHRONOUS_OID_REQUEST_COMPLETE,ndis.h,['Ndis.h'],['Kernel_Mode_Headers_(x86)\\ndis.h'],WDK,netvista,function,callback,callback,N,Type Mismatch,A887A71F-CAF5-4F13-AE4B-6C841A1ED22F,N/A,netvista\filter_synchronous_oid_request_complete.htm,NDIS\SkeletonMD\nf-ndis-filter-synchronous-oid-request-complete.md,REDMOND\dumacmic
FILTER_SYNCHRONOUS_OID_REQUEST,ndis.h,['Ndis.h'],['Kernel_Mode_Headers_(x86)\\ndis.h'],WDK,netvista,function,callback,callback,N,Type Mismatch,4B19B9D8-F01D-43F7-B43C-3A15597E90D9,N/A,netvista\filter_synchronous_oid_request.htm,NDIS\SkeletonMD\nf-ndis-filter-synchronous-oid-request.md,REDMOND\dumacmic
MINIPORT_SYNCHRONOUS_OID_REQUEST,ndis.h,['Ndis.h'],['Kernel_Mode_Headers_(x86)\\ndis.h'],WDK,netvista,function,callback,callback,N,Type Mismatch,3B63183B-FAAC-4CE6-A5FB-52A7565B9AD6,N/A,netvista\miniport_synchronous_oid_request.htm,NDIS\SkeletonMD\nf-ndis-miniport-synchronous-oid-request.md,REDMOND\dumacmic
NDIS_INIT_FUNCTION,ndis.h,['Ndis.h'],['Kernel_Mode_Headers_(x86)\\ndis.h'],WDK,NetXP,function,macro,macro,N,Type Mismatch,F4870CE4-DB51-4BBE-BFDA-AC751EF33F24,N/A,netxp\ndis_init_function.htm,NDIS\SkeletonMD\nf-ndis-ndis-init-function.md,REDMOND\dumacmic
NDIS_PACKET_FIRST_NDIS_BUFFER,ndis.h,['Ndis.h'],['Kernel_Mode_Headers_(x86)\\ndis.h'],WDK,NetXP,function,macro,macro,N,Type Mismatch,2EB7F48A-1B7F-4AB8-A120-1909A08B2E26,N/A,netxp\ndis_packet_first_ndis_buffer.htm,NDIS\SkeletonMD\nf-ndis-ndis-packet-first-ndis-buffer.md,REDMOND\dumacmic
NDIS_PACKET_LAST_NDIS_BUFFER,ndis.h,['Ndis.h'],['Kernel_Mode_Headers_(x86)\\ndis.h'],WDK,NetXP,function,macro,macro,N,Type Mismatch,8C72D150-2A67-4192-B7F5-EC3B5AA8B5F1,N/A,netxp\ndis_packet_last_ndis_buffer.htm,NDIS\SkeletonMD\nf-ndis-ndis-packet-last-ndis-buffer.md,REDMOND\dumacmic
NDIS_PACKET_VALID_COUNTS,ndis.h,['Ndis.h'],['Kernel_Mode_Headers_(x86)\\ndis.h'],WDK,NetXP,function,macro,macro,N,Type Mismatch,4E3D3F52-2996-447C-A095-792D64F4218F,N/A,netxp\ndis_packet_valid_counts.htm,NDIS\SkeletonMD\nf-ndis-ndis-packet-valid-counts.md,REDMOND\dumacmic
NDIS_PAGEABLE_FUNCTION,ndis.h,['Ndis.h'],['Kernel_Mode_Headers_(x86)\\ndis.h'],WDK,NetXP,function,macro,macro,N,Type Mismatch,D8D0CFAF-2275-42DB-B8D7-EF23A5B709C0,N/A,netxp\ndis_pageable_function.htm,NDIS\SkeletonMD\nf-ndis-ndis-pageable-function.md,REDMOND\dumacmic
NDIS_PD_FREE_COUNTER,ndis.h,['Ndis.h'],['Kernel_Mode_Headers_(x86)\\ndis.h'],WDK,netvista,function,callback,drv_function,N,Type Mismatch,A43726D0-7378-41DF-9A3B-2CAF93E41DE6,N/A,netvista\ndispdfreecounter.htm,NDIS\SkeletonMD\nf-ndis-ndis-pd-free-counter~r1.md,REDMOND\dumacmic
NDIS_SET_PACKET_TIME_TO_SEND,ndis.h,['Ndis.h'],['Kernel_Mode_Headers_(x86)\\ndis.h'],WDK,NetXP,function,macro,macro,N,Type Mismatch,2EE4D26E-8478-4D4B-8EA2-B97FDD9AD516,N/A,netxp\ndis_set_packet_time_to_send.htm,NDIS\SkeletonMD\nf-ndis-ndis-set-packet-time-to-send.md,REDMOND\dumacmic
NdisScheduleWorkItem,ndis.h,['Ndis.h'],['Kernel_Mode_Headers_(x86)\\ndis.h'],WDK,NetXP,function,callback,callback,N,Type Mismatch,076C71E5-A1F6-4ED8-AD79-8A4E7ED08CAC,N/A,netxp\ndisscheduleworkitem.htm,NDIS\SkeletonMD\nf-ndis-ndisscheduleworkitem.md,REDMOND\dumacmic
NfcCxDeviceDeinitialize,nfccx.h,"['Ncidef.h', 'Nfccx.h']",['Driver_User_Mode_Headers\\nfc\\1.0\\nfccx.h'],WDK,nfpdrivers,function,method,method,N,Type Mismatch,D4B6D182-77F0-46DD-9702-B7213940794C,N/A,nfpdrivers\_nfccxdevicedeinitialize.htm,NFCCX\SkeletonMD\nf-nfccx-nfccxdevicedeinitialize.md,REDMOND\aahi
NfcCxDeviceInitConfig,nfccx.h,"['Ncidef.h', 'Nfccx.h']",['Driver_User_Mode_Headers\\nfc\\1.0\\nfccx.h'],WDK,nfpdrivers,function,method,method,N,Type Mismatch,C5C8036E-D5D6-4930-B1A0-E8670AEF6AA3,N/A,nfpdrivers\_nfccxdeviceinitconfig_.htm,NFCCX\SkeletonMD\nf-nfccx-nfccxdeviceinitconfig.md,REDMOND\aahi
NfcCxDeviceInitialize,nfccx.h,"['Ncidef.h', 'Nfccx.h']",['Driver_User_Mode_Headers\\nfc\\1.0\\nfccx.h'],WDK,nfpdrivers,function,method,method,N,Type Mismatch,3FB6A966-BE9E-4899-96B0-F1C64B2C40ED,N/A,nfpdrivers\_nfccxdeviceinitialize.htm,NFCCX\SkeletonMD\nf-nfccx-nfccxdeviceinitialize.md,REDMOND\aahi
NfcCxHardwareEvent,nfccx.h,"['Ncidef.h', 'Nfccx.h']",['Driver_User_Mode_Headers\\nfc\\1.0\\nfccx.h'],WDK,nfpdrivers,function,method,method,N,Type Mismatch,1AEE4901-4FAB-4253-81C2-6522365C08E0,N/A,nfpdrivers\_nfccxhardwareevent.htm,NFCCX\SkeletonMD\nf-nfccx-nfccxhardwareevent.md,REDMOND\aahi
NfcCxNciReadNotification,nfccx.h,"['Ncidef.h', 'Nfccx.h']",['Driver_User_Mode_Headers\\nfc\\1.0\\nfccx.h'],WDK,nfpdrivers,function,method,method,N,Type Mismatch,28CE5C45-6069-41D0-8958-A9FE65983457,N/A,nfpdrivers\_nfccxncireadnotification.htm,NFCCX\SkeletonMD\nf-nfccx-nfccxncireadnotification.md,REDMOND\aahi
NfcCxRegisterSequenceHandler,nfccx.h,"['Ncidef.h', 'Nfccx.h']",['Driver_User_Mode_Headers\\nfc\\1.0\\nfccx.h'],WDK,nfpdrivers,function,method,method,N,Type Mismatch,6E67EA9E-A5CE-4677-AB92-58A5BE1B2E87,N/A,nfpdrivers\_nfccxregistersequencehandler.htm,NFCCX\SkeletonMD\nf-nfccx-nfccxregistersequencehandler.md,REDMOND\aahi
NfcCxSetLlcpConfig,nfccx.h,"['Ncidef.h', 'Nfccx.h']",['Driver_User_Mode_Headers\\nfc\\1.0\\nfccx.h'],WDK,nfpdrivers,function,method,method,N,Type Mismatch,194338D9-5E3C-494C-AF92-EE233DDD5ACF,N/A,nfpdrivers\_nfccxsetllcpconfig.htm,NFCCX\SkeletonMD\nf-nfccx-nfccxsetllcpconfig.md,REDMOND\aahi
NfcCxSetRfDiscoveryConfig,nfccx.h,"['Ncidef.h', 'Nfccx.h']",['Driver_User_Mode_Headers\\nfc\\1.0\\nfccx.h'],WDK,nfpdrivers,function,method,method,N,Type Mismatch,7EC57A58-EC7B-4BA6-B175-D36DA8CBBED0,N/A,nfpdrivers\_nfccxsetrfdiscoveryconfig.htm,NFCCX\SkeletonMD\nf-nfccx-nfccxsetrfdiscoveryconfig.md,REDMOND\aahi
NfcCxUnregisterSequenceHandler,nfccx.h,"['Ncidef.h', 'Nfccx.h']",['Driver_User_Mode_Headers\\nfc\\1.0\\nfccx.h'],WDK,nfpdrivers,function,method,method,N,Type Mismatch,E30C4023-7626-4659-966F-1F1A5B863238,N/A,nfpdrivers\_nfccxunregistersequencehandler.htm,NFCCX\SkeletonMD\nf-nfccx-nfccxunregistersequencehandler.md,REDMOND\aahi
IoGetSiloParameters,ntddk.h,['Ntddk.h'],['Kernel_Mode_Headers_(x86)\\ntddk.h'],WDK,ifsk,function,callback,drv_routine,N,Type Mismatch,E503E978-D6EA-4D9A-881D-E681C2C87A8F,N/A,ifsk\iogetsiloparameters.htm,NTDDK\SkeletonMD\nf-ntddk-iogetsiloparameters.md,REDMOND\prwilk
RILADDRESSNUMPLAN,rilapitypes.h,['Rilapitypes.h'],['Driver_User_Mode_Headers\\rilapitypes.h'],WDK,netvista,enum,ovw,enum,N,Type Mismatch,C5DE1075-761B-4EDD-B2C9-75CEEE729BE4,N/A,netvista\riladdressnumplan_2.htm,RILAPITYPES\SkeletonMD\ne-rilapitypes-riladdressnumplan.md,REDMOND\dumacmic
RILADDRESSPARAMMASK,rilapitypes.h,['Rilapitypes.h'],['Driver_User_Mode_Headers\\rilapitypes.h'],WDK,netvista,enum,ovw,enum,N,Type Mismatch,A2754928-58BA-4E46-B3F7-883ED05771F7,N/A,netvista\riladdressparammask_2.htm,RILAPITYPES\SkeletonMD\ne-rilapitypes-riladdressparammask.md,REDMOND\dumacmic
RILADDRESSTYPE,rilapitypes.h,['Rilapitypes.h'],['Driver_User_Mode_Headers\\rilapitypes.h'],WDK,netvista,enum,ovw,enum,N,Type Mismatch,738F8D77-BF52-468F-A7B0-711C44AF8EB6,N/A,netvista\riladdresstype_2.htm,RILAPITYPES\SkeletonMD\ne-rilapitypes-riladdresstype.md,REDMOND\dumacmic
RILEUTRAMRLPARAMMASK,rilapitypes.h,['Rilapitypes.h'],['Driver_User_Mode_Headers\\rilapitypes.h'],WDK,netvista,enum,ovw,enum,N,Type Mismatch,A4940284-3EC1-43E0-97B3-D4961B7011D5,N/A,netvista\rileutramrlparammask_2.htm,RILAPITYPES\SkeletonMD\ne-rilapitypes-rileutramrlparammask.md,REDMOND\dumacmic
RILGSMMNMRPARAMMASK,rilapitypes.h,['Rilapitypes.h'],['Driver_User_Mode_Headers\\rilapitypes.h'],WDK,netvista,enum,ovw,enum,N,Type Mismatch,9C78FEA0-61D3-4106-B83A-36E8EF6E2F4A,N/A,netvista\rilgsmmnmrparammask_2.htm,RILAPITYPES\SkeletonMD\ne-rilapitypes-rilgsmmnmrparammask.md,REDMOND\dumacmic
RILIMSSERVICE,rilapitypes.h,['Rilapitypes.h'],['Driver_User_Mode_Headers\\rilapitypes.h'],WDK,netvista,enum,ovw,enum,N,Type Mismatch,FD510C7B-B26F-49C5-821F-3342AFAAE37B,N/A,netvista\rilimsservice_2.htm,RILAPITYPES\SkeletonMD\ne-rilapitypes-rilimsservice.md,REDMOND\dumacmic
RILIMSSYSTEMTYPE,rilapitypes.h,['Rilapitypes.h'],['Driver_User_Mode_Headers\\rilapitypes.h'],WDK,netvista,enum,ovw,enum,N,Type Mismatch,2656244C-9D62-47EE-9F5A-F099B803C8DB,N/A,netvista\rilimssystemtype_2.htm,RILAPITYPES\SkeletonMD\ne-rilapitypes-rilimssystemtype.md,REDMOND\dumacmic
RILNOTIFICATIONCLASSES,rilapitypes.h,['Rilapitypes.h'],['Driver_User_Mode_Headers\\rilapitypes.h'],WDK,netvista,enum,ovw,enum,N,Type Mismatch,583F401F-0737-47E2-9139-942684408BD7,N/A,netvista\rilnotificationclasses_2.htm,RILAPITYPES\SkeletonMD\ne-rilapitypes-rilnotificationclasses.md,REDMOND\dumacmic
RILPOSITIONINFOTDSCDMAPARAMMASK,rilapitypes.h,['Rilapitypes.h'],['Driver_User_Mode_Headers\\rilapitypes.h'],WDK,netvista,enum,ovw,enum,N,Type Mismatch,C2D58412-3ACA-461A-B086-4E58EA24B7DF,N/A,netvista\rilpositioninfotdscdmaparammask_2.htm,RILAPITYPES\SkeletonMD\ne-rilapitypes-rilpositioninfotdscdmaparammask.md,REDMOND\dumacmic
RILPOSITIONINFOUMTSPARAMMASK,rilapitypes.h,['Rilapitypes.h'],['Driver_User_Mode_Headers\\rilapitypes.h'],WDK,netvista,enum,ovw,enum,N,Type Mismatch,17159F05-E280-4A2D-B6B5-6D6BBF59079E,N/A,netvista\rilpositioninfoumtsparammask_2.htm,RILAPITYPES\SkeletonMD\ne-rilapitypes-rilpositioninfoumtsparammask.md,REDMOND\dumacmic
RILSUBSCRIBERINFOPARAMMASK,rilapitypes.h,['Rilapitypes.h'],['Driver_User_Mode_Headers\\rilapitypes.h'],WDK,netvista,enum,ovw,enum,N,Type Mismatch,4116605A-9283-4658-95B5-8AC262FB8BEA,N/A,netvista\rilsubscriberinfoparammask_2.htm,RILAPITYPES\SkeletonMD\ne-rilapitypes-rilsubscriberinfoparammask.md,REDMOND\dumacmic
RILSUBSCRIBERINFOSERVICE,rilapitypes.h,['Rilapitypes.h'],['Driver_User_Mode_Headers\\rilapitypes.h'],WDK,netvista,enum,ovw,enum,N,Type Mismatch,1F1976D3-6474-4BF6-9725-46F9A193134E,N/A,netvista\rilsubscriberinfoservice_2.htm,RILAPITYPES\SkeletonMD\ne-rilapitypes-rilsubscriberinfoservice.md,REDMOND\dumacmic
RILSYSTEMTYPE,rilapitypes.h,['Rilapitypes.h'],['Driver_User_Mode_Headers\\rilapitypes.h'],WDK,netvista,enum,ovw,enum,N,Type Mismatch,80A7632D-3C7C-4F26-A036-379FD5F01A7C,N/A,netvista\rilsystemtype_2.htm,RILAPITYPES\SkeletonMD\ne-rilapitypes-rilsystemtype.md,REDMOND\dumacmic
RILTDSCDMAMRLPARAMMASK,rilapitypes.h,['Rilapitypes.h'],['Driver_User_Mode_Headers\\rilapitypes.h'],WDK,netvista,enum,ovw,enum,N,Type Mismatch,3A230750-0F6D-4182-8713-E7A8B2F141E6,N/A,netvista\riltdscdmamrlparammask_2.htm,RILAPITYPES\SkeletonMD\ne-rilapitypes-riltdscdmamrlparammask.md,REDMOND\dumacmic
RILUICCFILELOCKSTATUSACCESSCONDITION,rilapitypes.h,['Rilapitypes.h'],['Driver_User_Mode_Headers\\rilapitypes.h'],WDK,netvista,enum,ovw,enum,N,Type Mismatch,DBAF8748-3229-477B-A60A-B7F874AD43D5,N/A,netvista\riluiccfilelockstatusaccesscondition_2.htm,RILAPITYPES\SkeletonMD\ne-rilapitypes-riluiccfilelockstatusaccesscondition.md,REDMOND\dumacmic
RILUICCKEYREF,rilapitypes.h,['Rilapitypes.h'],['Driver_User_Mode_Headers\\rilapitypes.h'],WDK,netvista,enum,ovw,enum,N,Type Mismatch,7B6B386F-37C7-4DC4-88EE-BA749517E818,N/A,netvista\riluicckeyref_2.htm,RILAPITYPES\SkeletonMD\ne-rilapitypes-riluicckeyref.md,REDMOND\dumacmic
RILUICCLOCKSTATELOCKSTATE,rilapitypes.h,['Rilapitypes.h'],['Driver_User_Mode_Headers\\rilapitypes.h'],WDK,netvista,enum,ovw,enum,N,Type Mismatch,00D5BEC7-B780-4B1B-87EB-653736EBB95D,N/A,netvista\riluicclockstatelockstate_2.htm,RILAPITYPES\SkeletonMD\ne-rilapitypes-riluicclockstatelockstate.md,REDMOND\dumacmic
RILUICCRECORDSTATUSPARAMMASK,rilapitypes.h,['Rilapitypes.h'],['Driver_User_Mode_Headers\\rilapitypes.h'],WDK,netvista,enum,ovw,enum,N,Type Mismatch,3022AB95-E4F5-413A-8D64-60E13B1F8859,N/A,netvista\riluiccrecordstatusparammask_2.htm,RILAPITYPES\SkeletonMD\ne-rilapitypes-riluiccrecordstatusparammask.md,REDMOND\dumacmic
RILEUTRAMRL,rilapitypes.h,['Rilapitypes.h'],['Driver_User_Mode_Headers\\rilapitypes.h'],WDK,netvista,struct,ovw,struct,N,Type Mismatch,178B9F27-0B52-4E09-8FBE-F33F2803CBD3,N/A,netvista\rileutramrl_2.htm,RILAPITYPES\SkeletonMD\ns-rilapitypes-rileutramrl.md,REDMOND\dumacmic
RILGSMNMR,rilapitypes.h,['Rilapitypes.h'],['Driver_User_Mode_Headers\\rilapitypes.h'],WDK,netvista,struct,ovw,struct,N,Type Mismatch,0A76488D-9B7C-4F10-9392-B6A6CF64957B,N/A,netvista\rilgsmnmr_2.htm,RILAPITYPES\SkeletonMD\ns-rilapitypes-rilgsmnmr.md,REDMOND\dumacmic
RILNETWORKCODE,rilapitypes.h,['Rilapitypes.h'],['Driver_User_Mode_Headers\\rilapitypes.h'],WDK,netvista,struct,ovw,struct,N,Type Mismatch,50CCAEC1-0578-4284-9E3F-CF68679ABA6E,N/A,netvista\rilnetworkcode_2.htm,RILAPITYPES\SkeletonMD\ns-rilapitypes-rilnetworkcode.md,REDMOND\dumacmic
RILPOSITIONINFO_V2,rilapitypes.h,['Rilapitypes.h'],['Driver_User_Mode_Headers\\rilapitypes.h'],WDK,netvista,struct,ovw,struct,N,Type Mismatch,06CD3276-6593-4AB5-A3FD-82BFC3AE9EF3,N/A,netvista\rilpositioninfo_v2_2.htm,RILAPITYPES\SkeletonMD\ns-rilapitypes-rilpositioninfo-v2.md,REDMOND\dumacmic
RILPOSITIONINFOLTE,rilapitypes.h,['Rilapitypes.h'],['Driver_User_Mode_Headers\\rilapitypes.h'],WDK,netvista,struct,ovw,struct,N,Type Mismatch,3D75452E-6F6B-4C2D-A72E-A81303F1E15A,N/A,netvista\rilpositioninfolte_2.htm,RILAPITYPES\SkeletonMD\ns-rilapitypes-rilpositioninfolte.md,REDMOND\dumacmic
RILPOSITIONINFOUMTS,rilapitypes.h,['Rilapitypes.h'],['Driver_User_Mode_Headers\\rilapitypes.h'],WDK,netvista,struct,ovw,struct,N,Type Mismatch,3E91DDD1-81C1-42AF-A128-C9871C842B11,N/A,netvista\rilpositioninfoumts_2.htm,RILAPITYPES\SkeletonMD\ns-rilapitypes-rilpositioninfoumts.md,REDMOND\dumacmic
RILSUBSCRIBERINFO,rilapitypes.h,['Rilapitypes.h'],['Driver_User_Mode_Headers\\rilapitypes.h'],WDK,netvista,struct,ovw,struct,N,Type Mismatch,091A7696-48FC-4E55-B1AF-0370D1F0B07E,N/A,netvista\rilsubscriberinfo_2.htm,RILAPITYPES\SkeletonMD\ns-rilapitypes-rilsubscriberinfo.md,REDMOND\dumacmic
RILUICCFILELOCKSTATUS,rilapitypes.h,['Rilapitypes.h'],['Driver_User_Mode_Headers\\rilapitypes.h'],WDK,netvista,struct,ovw,struct,N,Type Mismatch,B6EC7025-03B0-4793-AB6C-5A51A23FAE93,N/A,netvista\riluiccfilelockstatus_2.htm,RILAPITYPES\SkeletonMD\ns-rilapitypes-riluiccfilelockstatus.md,REDMOND\dumacmic
RILUICCLOCK,rilapitypes.h,['Rilapitypes.h'],['Driver_User_Mode_Headers\\rilapitypes.h'],WDK,netvista,struct,ovw,struct,N,Type Mismatch,DEEC07CB-6AC1-4382-914D-09C3A23A14DF,N/A,netvista\riluicclock_2.htm,RILAPITYPES\SkeletonMD\ns-rilapitypes-riluicclock.md,REDMOND\dumacmic
RILUICCSUBSCRIBERNUMBERS,rilapitypes.h,['Rilapitypes.h'],['Driver_User_Mode_Headers\\rilapitypes.h'],WDK,netvista,struct,ovw,struct,N,Type Mismatch,3463B238-BC01-4609-929E-80CED030CAA4,N/A,netvista\riluiccsubscribernumbers_2.htm,RILAPITYPES\SkeletonMD\ns-rilapitypes-riluiccsubscribernumbers.md,REDMOND\dumacmic
RILUMTSMRL,rilapitypes.h,['Rilapitypes.h'],['Driver_User_Mode_Headers\\rilapitypes.h'],WDK,netvista,struct,ovw,struct,N,Type Mismatch,9443FF46-157E-4C9E-ACE0-754B10E6AC54,N/A,netvista\rilumtsmrl_2.htm,RILAPITYPES\SkeletonMD\ns-rilapitypes-rilumtsmrl.md,REDMOND\dumacmic
ScsiPortWmiFireAdapterEvent,scsiwmi.h,"['Scsi.h', 'Scsiwmi.h', 'Miniport.h']",['Kernel_Mode_Headers_(x86)\\scsiwmi.h'],WDK,Storage,function,macro,macro,N,Type Mismatch,A272FBDB-B131-4438-93CC-7C7A6929B2A1,N/A,storage\scsiportwmifireadapterevent.htm,SCSIWMI\SkeletonMD\nf-scsiwmi-scsiportwmifireadapterevent.md,REDMOND\andki
ScsiPortWmiGetReturnSize,scsiwmi.h,"['Scsi.h', 'Scsiwmi.h', 'Miniport.h']",['Kernel_Mode_Headers_(x86)\\scsiwmi.h'],WDK,Storage,function,macro,macro,N,Type Mismatch,BB7489D8-591F-45CD-887C-58E7BA9BEAA8,N/A,storage\scsiportwmigetreturnsize.htm,SCSIWMI\SkeletonMD\nf-scsiwmi-scsiportwmigetreturnsize.md,REDMOND\andki
ScsiPortWmiGetReturnStatus,scsiwmi.h,"['Scsi.h', 'Scsiwmi.h', 'Miniport.h']",['Kernel_Mode_Headers_(x86)\\scsiwmi.h'],WDK,Storage,function,macro,macro,N,Type Mismatch,B1F9A895-6E13-4B1C-B60B-CF71839BEEF4,N/A,storage\scsiportwmigetreturnstatus.htm,SCSIWMI\SkeletonMD\nf-scsiwmi-scsiportwmigetreturnstatus.md,REDMOND\andki
EVT_SENSOR_DRIVER_STOP_STATE_CHANGE_NOTIFICATION,sensorscx.h,['Sensorscx.h'],['Driver_User_Mode_Headers\\sensors\\1.1\\sensorscx.h'],WDK,sensors,callback,function,function,N,Type Mismatch,CA8C85BB-C312-45C2-B646-B620B6186687,N/A,sensors\evt_sensor_driver_stop_state_change_notification.htm,SENSORSCX\SkeletonMD\nc-sensorscx-evt-sensor-driver-stop-state-change-notification.md,REDMOND\nabazan
SpbControllerSetIoOtherCallback,spbcx.h,['Spbcx.h'],['Kernel_Mode_Headers_(x86)\\spb\\1.0\\spbcx.h'],WDK,SPB,function,method,method,N,Type Mismatch,DB937185-6089-467A-9DB6-DCEBCC684B1A,N/A,spb\spbcontrollersetioothercallback.htm,SPBCX\SkeletonMD\nf-spbcx-spbcontrollersetioothercallback.md,REDMOND\prwilk
SpbControllerSetRequestAttributes,spbcx.h,['Spbcx.h'],['Kernel_Mode_Headers_(x86)\\spb\\1.0\\spbcx.h'],WDK,SPB,function,method,method,N,Type Mismatch,A4950885-7FB1-4085-A621-9411CCF72350,N/A,spb\spbcontrollersetrequestattributes.htm,SPBCX\SkeletonMD\nf-spbcx-spbcontrollersetrequestattributes.md,REDMOND\prwilk
SpbControllerSetTargetAttributes,spbcx.h,['Spbcx.h'],['Kernel_Mode_Headers_(x86)\\spb\\1.0\\spbcx.h'],WDK,SPB,function,method,method,N,Type Mismatch,425BA788-B4E4-4732-8C33-C8068B85BA99,N/A,spb\spbcontrollersettargetattributes.htm,SPBCX\SkeletonMD\nf-spbcx-spbcontrollersettargetattributes.md,REDMOND\prwilk
SpbDeviceInitConfig,spbcx.h,['Spbcx.h'],['Kernel_Mode_Headers_(x86)\\spb\\1.0\\spbcx.h'],WDK,SPB,function,method,method,N,Type Mismatch,14C1B74E-D3EB-4C2A-A5DA-4AF1E33A3723,N/A,spb\spbdeviceinitconfig.htm,SPBCX\SkeletonMD\nf-spbcx-spbdeviceinitconfig.md,REDMOND\prwilk
SpbDeviceInitialize,spbcx.h,['Spbcx.h'],['Kernel_Mode_Headers_(x86)\\spb\\1.0\\spbcx.h'],WDK,SPB,function,method,method,N,Type Mismatch,2AB69639-17B0-4393-90EE-6D21AE1102D7,N/A,spb\spbdeviceinitialize.htm,SPBCX\SkeletonMD\nf-spbcx-spbdeviceinitialize.md,REDMOND\prwilk
SpbRequestCaptureIoOtherTransferList,spbcx.h,['Spbcx.h'],['Kernel_Mode_Headers_(x86)\\spb\\1.0\\spbcx.h'],WDK,SPB,function,method,method,N,Type Mismatch,C5EABFD4-9DDA-4EFE-B003-79CADC470D8E,N/A,spb\spbrequestcaptureioothertransferlist.htm,SPBCX\SkeletonMD\nf-spbcx-spbrequestcaptureioothertransferlist.md,REDMOND\prwilk
SpbRequestComplete,spbcx.h,['Spbcx.h'],['Kernel_Mode_Headers_(x86)\\spb\\1.0\\spbcx.h'],WDK,SPB,function,method,method,N,Type Mismatch,66B0E867-4A7C-4D22-A447-0534709230F6,N/A,spb\spbrequestcomplete.htm,SPBCX\SkeletonMD\nf-spbcx-spbrequestcomplete.md,REDMOND\prwilk
SpbRequestGetController,spbcx.h,['Spbcx.h'],['Kernel_Mode_Headers_(x86)\\spb\\1.0\\spbcx.h'],WDK,SPB,function,method,method,N,Type Mismatch,4B860FA4-25EE-4A97-8E42-0C2F3C57AE1B,N/A,spb\spbrequestgetcontroller.htm,SPBCX\SkeletonMD\nf-spbcx-spbrequestgetcontroller.md,REDMOND\prwilk
SpbRequestGetParameters,spbcx.h,['Spbcx.h'],['Kernel_Mode_Headers_(x86)\\spb\\1.0\\spbcx.h'],WDK,SPB,function,method,method,N,Type Mismatch,68D69627-F0FF-4B37-A5A6-A56026DDFAED,N/A,spb\spbrequestgetparameters.htm,SPBCX\SkeletonMD\nf-spbcx-spbrequestgetparameters.md,REDMOND\prwilk
SpbRequestGetTarget,spbcx.h,['Spbcx.h'],['Kernel_Mode_Headers_(x86)\\spb\\1.0\\spbcx.h'],WDK,SPB,function,method,method,N,Type Mismatch,74F6F1F3-84B6-4DA6-A2E8-D56D51FD7BE6,N/A,spb\spbrequestgettarget.htm,SPBCX\SkeletonMD\nf-spbcx-spbrequestgettarget.md,REDMOND\prwilk
SpbRequestGetTransferParameters,spbcx.h,['Spbcx.h'],['Kernel_Mode_Headers_(x86)\\spb\\1.0\\spbcx.h'],WDK,SPB,function,method,method,N,Type Mismatch,B5DDBF22-74A2-41EA-B364-AA4E47F7B918,N/A,spb\spbrequestgettransferparameters.htm,SPBCX\SkeletonMD\nf-spbcx-spbrequestgettransferparameters.md,REDMOND\prwilk
SpbTargetGetConnectionParameters,spbcx.h,['Spbcx.h'],['Kernel_Mode_Headers_(x86)\\spb\\1.0\\spbcx.h'],WDK,SPB,function,method,method,N,Type Mismatch,68BD4A6E-83B0-411A-8844-3210736E76D9,N/A,spb\spbtargetgetconnectionparameters.htm,SPBCX\SkeletonMD\nf-spbcx-spbtargetgetconnectionparameters.md,REDMOND\prwilk
SpbTargetGetFileObject,spbcx.h,['Spbcx.h'],['Kernel_Mode_Headers_(x86)\\spb\\1.0\\spbcx.h'],WDK,SPB,function,method,method,N,Type Mismatch,98F23FB8-2186-4E5C-8BF4-F32911BA0681,N/A,spb\spbtargetgetfileobject.htm,SPBCX\SkeletonMD\nf-spbcx-spbtargetgetfileobject.md,REDMOND\prwilk
STOR_CRYPTO_ALGORITHM_ID,storport.h,['Storport.h'],['Kernel_Mode_Headers_(x86)\\storport.h'],WDK,Storage,enum,struct,struct,N,Type Mismatch,C358717F-E44B-4465-87D1-B1E8363A6143,N/A,storage\stor_crypto_algorithm_id.htm,STORPORT\SkeletonMD\ne-storport--stor-crypto-algorithm-id.md,REDMOND\andki
STOR_CRYPTO_KEY_SIZE,storport.h,['Storport.h'],['Kernel_Mode_Headers_(x86)\\storport.h'],WDK,Storage,enum,struct,struct,N,Type Mismatch,84F60C47-8AB1-4AFD-98E8-7DB1A2F7AE31,N/A,storage\stor_crypto_key_size.htm,STORPORT\SkeletonMD\ne-storport--stor-crypto-key-size.md,REDMOND\andki
STOR_CRYPTO_OPERATION_TYPE,storport.h,['Storport.h'],['Kernel_Mode_Headers_(x86)\\storport.h'],WDK,Storage,enum,struct,struct,N,Type Mismatch,12B24110-4025-4D88-AD15-95E30EE50CC0,N/A,storage\stor_crypto_operation_type.htm,STORPORT\SkeletonMD\ne-storport--stor-crypto-operation-type.md,REDMOND\andki
TdiBuildAccept,tdikrnl.h,"['Tdikrnl.h', 'TdiKrnl.h']",['Kernel_Mode_Headers_(x86)\\tdikrnl.h'],WDK,NetXP,function,macro,macro,N,Type Mismatch,4E16DEE1-FDDF-437B-AEAB-136B4D5ED3F5,N/A,netxp\tdibuildaccept.htm,TDIKRNL\SkeletonMD\nf-tdikrnl-tdibuildaccept.md,REDMOND\dumacmic
TdiBuildAction,tdikrnl.h,"['Tdikrnl.h', 'TdiKrnl.h']",['Kernel_Mode_Headers_(x86)\\tdikrnl.h'],WDK,NetXP,function,macro,macro,N,Type Mismatch,87553866-EC98-4390-B28D-519705281336,N/A,netxp\tdibuildaction.htm,TDIKRNL\SkeletonMD\nf-tdikrnl-tdibuildaction.md,REDMOND\dumacmic
TdiBuildAssociateAddress,tdikrnl.h,"['Tdikrnl.h', 'TdiKrnl.h']",['Kernel_Mode_Headers_(x86)\\tdikrnl.h'],WDK,NetXP,function,macro,macro,N,Type Mismatch,176E78BE-746C-4286-A421-26D630014117,N/A,netxp\tdibuildassociateaddress.htm,TDIKRNL\SkeletonMD\nf-tdikrnl-tdibuildassociateaddress.md,REDMOND\dumacmic
TdiBuildConnect,tdikrnl.h,"['Tdikrnl.h', 'TdiKrnl.h']",['Kernel_Mode_Headers_(x86)\\tdikrnl.h'],WDK,NetXP,function,macro,macro,N,Type Mismatch,8290750E-8245-4281-8320-FA59BE7B8AD4,N/A,netxp\tdibuildconnect.htm,TDIKRNL\SkeletonMD\nf-tdikrnl-tdibuildconnect.md,REDMOND\dumacmic
TdiBuildDisassociateAddress,tdikrnl.h,"['Tdikrnl.h', 'TdiKrnl.h']",['Kernel_Mode_Headers_(x86)\\tdikrnl.h'],WDK,NetXP,function,macro,macro,N,Type Mismatch,73D215AA-D0B3-4C9B-B2D3-F71A904E1CE5,N/A,netxp\tdibuilddisassociateaddress.htm,TDIKRNL\SkeletonMD\nf-tdikrnl-tdibuilddisassociateaddress.md,REDMOND\dumacmic
TdiBuildDisconnect,tdikrnl.h,"['Tdikrnl.h', 'TdiKrnl.h']",['Kernel_Mode_Headers_(x86)\\tdikrnl.h'],WDK,NetXP,function,macro,macro,N,Type Mismatch,971EFCEB-A29A-4352-B772-BA354059DD79,N/A,netxp\tdibuilddisconnect.htm,TDIKRNL\SkeletonMD\nf-tdikrnl-tdibuilddisconnect.md,REDMOND\dumacmic
TdiBuildInternalDeviceControlIrp,tdikrnl.h,"['Tdikrnl.h', 'TdiKrnl.h']",['Kernel_Mode_Headers_(x86)\\tdikrnl.h'],WDK,NetXP,function,macro,macro,N,Type Mismatch,96FE525A-D86B-43AF-A132-A649558F254E,N/A,netxp\tdibuildinternaldevicecontrolirp.htm,TDIKRNL\SkeletonMD\nf-tdikrnl-tdibuildinternaldevicecontrolirp.md,REDMOND\dumacmic
TdiBuildListen,tdikrnl.h,"['Tdikrnl.h', 'TdiKrnl.h']",['Kernel_Mode_Headers_(x86)\\tdikrnl.h'],WDK,NetXP,function,macro,macro,N,Type Mismatch,DA4C63FF-35E1-4445-B683-0196347FD6C5,N/A,netxp\tdibuildlisten.htm,TDIKRNL\SkeletonMD\nf-tdikrnl-tdibuildlisten.md,REDMOND\dumacmic
TdiBuildQueryInformation,tdikrnl.h,"['Tdikrnl.h', 'TdiKrnl.h']",['Kernel_Mode_Headers_(x86)\\tdikrnl.h'],WDK,NetXP,function,macro,macro,N,Type Mismatch,993A0BB0-6B71-4481-9394-6CCC588EFF95,N/A,netxp\tdibuildqueryinformation.htm,TDIKRNL\SkeletonMD\nf-tdikrnl-tdibuildqueryinformation.md,REDMOND\dumacmic
TdiBuildReceive,tdikrnl.h,"['Tdikrnl.h', 'TdiKrnl.h']",['Kernel_Mode_Headers_(x86)\\tdikrnl.h'],WDK,NetXP,function,macro,macro,N,Type Mismatch,ED96AEB7-B77C-4733-9ECC-C8BC40985940,N/A,netxp\tdibuildreceive.htm,TDIKRNL\SkeletonMD\nf-tdikrnl-tdibuildreceive.md,REDMOND\dumacmic
TdiBuildReceiveDatagram,tdikrnl.h,"['Tdikrnl.h', 'TdiKrnl.h']",['Kernel_Mode_Headers_(x86)\\tdikrnl.h'],WDK,NetXP,function,macro,macro,N,Type Mismatch,2917965A-D9BC-4D6B-A3E1-4A7DB4A6CC97,N/A,netxp\tdibuildreceivedatagram.htm,TDIKRNL\SkeletonMD\nf-tdikrnl-tdibuildreceivedatagram.md,REDMOND\dumacmic
TdiBuildSend,tdikrnl.h,"['Tdikrnl.h', 'TdiKrnl.h']",['Kernel_Mode_Headers_(x86)\\tdikrnl.h'],WDK,NetXP,function,macro,macro,N,Type Mismatch,E9F08250-D36D-4A19-91A1-0844D941CF0C,N/A,netxp\tdibuildsend.htm,TDIKRNL\SkeletonMD\nf-tdikrnl-tdibuildsend.md,REDMOND\dumacmic
TdiBuildSendDatagram,tdikrnl.h,"['Tdikrnl.h', 'TdiKrnl.h']",['Kernel_Mode_Headers_(x86)\\tdikrnl.h'],WDK,NetXP,function,macro,macro,N,Type Mismatch,A1DF4F12-52C5-4905-81C2-210E5089C7C5,N/A,netxp\tdibuildsenddatagram.htm,TDIKRNL\SkeletonMD\nf-tdikrnl-tdibuildsenddatagram.md,REDMOND\dumacmic
TdiBuildSetEventHandler,tdikrnl.h,"['Tdikrnl.h', 'TdiKrnl.h']",['Kernel_Mode_Headers_(x86)\\tdikrnl.h'],WDK,NetXP,function,macro,macro,N,Type Mismatch,104E3715-6A3A-48C0-B8DB-5FD0D2DA5630,N/A,netxp\tdibuildseteventhandler.htm,TDIKRNL\SkeletonMD\nf-tdikrnl-tdibuildseteventhandler.md,REDMOND\dumacmic
TdiBuildSetInformation,tdikrnl.h,"['Tdikrnl.h', 'TdiKrnl.h']",['Kernel_Mode_Headers_(x86)\\tdikrnl.h'],WDK,NetXP,function,macro,macro,N,Type Mismatch,BE14B503-DA2A-4AE8-BD35-6F4C5A97A50A,N/A,netxp\tdibuildsetinformation.htm,TDIKRNL\SkeletonMD\nf-tdikrnl-tdibuildsetinformation.md,REDMOND\dumacmic
TdiCompleteRequest,tdikrnl.h,"['Tdikrnl.h', 'TdiKrnl.h']",['Kernel_Mode_Headers_(x86)\\tdikrnl.h'],WDK,NetXP,function,macro,macro,N,Type Mismatch,B612894F-D3ED-43E5-9D91-ED6F24DD3C67,N/A,netxp\tdicompleterequest.htm,TDIKRNL\SkeletonMD\nf-tdikrnl-tdicompleterequest.md,REDMOND\dumacmic
TdiCopyLookaheadData,tdikrnl.h,"['Tdikrnl.h', 'TdiKrnl.h']",['Kernel_Mode_Headers_(x86)\\tdikrnl.h'],WDK,NetXP,function,macro,macro,N,Type Mismatch,5C7AEE2F-3DE9-420F-85D1-6D7F2C83D2C2,N/A,netxp\tdicopylookaheaddata.htm,TDIKRNL\SkeletonMD\nf-tdikrnl-tdicopylookaheaddata.md,REDMOND\dumacmic
UcxInitializeDeviceInit,ucxclass.h,['Ucxclass.h'],"['Kernel_Mode_Headers_(x86)\\ucx\\1.1\\ucxclass.h', 'Kernel_Mode_Headers_(x86)\\ucx\\1.2\\ucxclass.h', 'Kernel_Mode_Headers_(x86)\\ucx\\1.3\\ucxclass.h', 'Kernel_Mode_Headers_(x86)\\ucx\\1.4\\ucxclass.h']",WDK,usbref,function,method,method,N,Type Mismatch,35431ADD-543C-4731-8A61-518433772044,N/A,buses\_ucxinitializedeviceinit.htm,UCXCLASS\SkeletonMD\nf-ucxclass-ucxinitializedeviceinit.md,REDMOND\prwilk
UfxDeviceCreate,ufxclient.h,['Ufxclient.h'],['Kernel_Mode_Headers_(x86)\\ufx\\1.1\\ufxclient.h'],WDK,usbref,function,method,method,N,Type Mismatch,9BE6EED0-EA32-4861-80A9-07832C1773D7,N/A,buses\ufxdevicecreate.htm,UFXCLIENT\SkeletonMD\nf-ufxclient-ufxdevicecreate.md,REDMOND\prwilk
UfxDeviceEventComplete,ufxclient.h,['Ufxclient.h'],['Kernel_Mode_Headers_(x86)\\ufx\\1.1\\ufxclient.h'],WDK,usbref,function,method,method,N,Type Mismatch,CA474F5C-F209-4335-B948-289C52C5A93B,N/A,buses\ufxdeviceeventcomplete.htm,UFXCLIENT\SkeletonMD\nf-ufxclient-ufxdeviceeventcomplete.md,REDMOND\prwilk
UfxDeviceIoControl,ufxclient.h,['Ufxclient.h'],['Kernel_Mode_Headers_(x86)\\ufx\\1.1\\ufxclient.h'],WDK,usbref,function,method,method,N,Type Mismatch,F6666A55-0155-4F87-A700-B95B318EDE22,N/A,buses\ufxdeviceiocontrol.htm,UFXCLIENT\SkeletonMD\nf-ufxclient-ufxdeviceiocontrol.md,REDMOND\prwilk
UfxDeviceIoInternalControl,ufxclient.h,['Ufxclient.h'],['Kernel_Mode_Headers_(x86)\\ufx\\1.1\\ufxclient.h'],WDK,usbref,function,method,method,N,Type Mismatch,771DA897-7CAC-425A-9812-1BEE6E5C26A0,N/A,buses\ufxdeviceiointernalcontrol.htm,UFXCLIENT\SkeletonMD\nf-ufxclient-ufxdeviceiointernalcontrol.md,REDMOND\prwilk
UfxDeviceNotifyAttach,ufxclient.h,['Ufxclient.h'],['Kernel_Mode_Headers_(x86)\\ufx\\1.1\\ufxclient.h'],WDK,usbref,function,method,method,N,Type Mismatch,B216B36C-5202-4165-8540-F986A1C65E6C,N/A,buses\ufxdevicenotifyattach.htm,UFXCLIENT\SkeletonMD\nf-ufxclient-ufxdevicenotifyattach.md,REDMOND\prwilk
UfxDeviceNotifyDetach,ufxclient.h,['Ufxclient.h'],['Kernel_Mode_Headers_(x86)\\ufx\\1.1\\ufxclient.h'],WDK,usbref,function,method,method,N,Type Mismatch,FDAF49B3-6F1E-47C2-8301-1682B5B0CF9A,N/A,buses\ufxdevicenotifydetach.htm,UFXCLIENT\SkeletonMD\nf-ufxclient-ufxdevicenotifydetach.md,REDMOND\prwilk
UfxDeviceNotifyHardwareFailure,ufxclient.h,['Ufxclient.h'],['Kernel_Mode_Headers_(x86)\\ufx\\1.1\\ufxclient.h'],WDK,usbref,function,method,method,N,Type Mismatch,9916D728-3E98-4477-8B6C-E3DAF048AB0B,N/A,buses\ufxdevicenotifyhardwarefailure.htm,UFXCLIENT\SkeletonMD\nf-ufxclient-ufxdevicenotifyhardwarefailure.md,REDMOND\prwilk
UfxDeviceNotifyHardwareReady,ufxclient.h,['Ufxclient.h'],['Kernel_Mode_Headers_(x86)\\ufx\\1.1\\ufxclient.h'],WDK,usbref,function,method,method,N,Type Mismatch,8C10EAC1-469B-464E-9065-4E81AC1F4172,N/A,buses\ufxdevicenotifyhardwareready.htm,UFXCLIENT\SkeletonMD\nf-ufxclient-ufxdevicenotifyhardwareready.md,REDMOND\prwilk
UfxDeviceNotifyReset,ufxclient.h,['Ufxclient.h'],['Kernel_Mode_Headers_(x86)\\ufx\\1.1\\ufxclient.h'],WDK,usbref,function,method,method,N,Type Mismatch,A56D4EA9-A339-4A6B-AC71-6919051CB673,N/A,buses\ufxdevicenotifyreset.htm,UFXCLIENT\SkeletonMD\nf-ufxclient-ufxdevicenotifyreset.md,REDMOND\prwilk
UfxDeviceNotifyResume,ufxclient.h,['Ufxclient.h'],['Kernel_Mode_Headers_(x86)\\ufx\\1.1\\ufxclient.h'],WDK,usbref,function,method,method,N,Type Mismatch,3DB0D230-7D36-4425-8A95-0F560F670515,N/A,buses\ufxdevicenotifyresume.htm,UFXCLIENT\SkeletonMD\nf-ufxclient-ufxdevicenotifyresume.md,REDMOND\prwilk
UfxDeviceNotifySuspend,ufxclient.h,['Ufxclient.h'],['Kernel_Mode_Headers_(x86)\\ufx\\1.1\\ufxclient.h'],WDK,usbref,function,method,method,N,Type Mismatch,4D505BC2-5031-4676-8D44-F06E048FE125,N/A,buses\ufxdevicenotifysuspend.htm,UFXCLIENT\SkeletonMD\nf-ufxclient-ufxdevicenotifysuspend.md,REDMOND\prwilk
UfxDevicePortDetectComplete,ufxclient.h,['Ufxclient.h'],['Kernel_Mode_Headers_(x86)\\ufx\\1.1\\ufxclient.h'],WDK,usbref,function,method,method,N,Type Mismatch,AC3D787A-B41B-49E1-85DA-8DE1FD8A7DB5,N/A,buses\ufxdeviceportdetectcomplete.htm,UFXCLIENT\SkeletonMD\nf-ufxclient-ufxdeviceportdetectcomplete.md,REDMOND\prwilk
UfxDevicePortDetectCompleteEx,ufxclient.h,['Ufxclient.h'],['Kernel_Mode_Headers_(x86)\\ufx\\1.1\\ufxclient.h'],WDK,usbref,function,method,method,N,Type Mismatch,3C456755-60D3-4055-9742-A576A373E7D1,N/A,buses\ufxdeviceportdetectcompleteex.htm,UFXCLIENT\SkeletonMD\nf-ufxclient-ufxdeviceportdetectcompleteex.md,REDMOND\prwilk
UfxDeviceProprietaryChargerDetectComplete,ufxclient.h,['Ufxclient.h'],['Kernel_Mode_Headers_(x86)\\ufx\\1.1\\ufxclient.h'],WDK,usbref,function,method,method,N,Type Mismatch,00A7F140-77C2-4ED1-BA80-426953725E0A,N/A,buses\ufxdeviceproprietarychargerdetectcomplete.htm,UFXCLIENT\SkeletonMD\nf-ufxclient-ufxdeviceproprietarychargerdetectcomplete.md,REDMOND\prwilk
UfxEndpointCreate,ufxclient.h,['Ufxclient.h'],['Kernel_Mode_Headers_(x86)\\ufx\\1.1\\ufxclient.h'],WDK,usbref,function,method,method,N,Type Mismatch,ADAC10AC-D4D1-466F-8700-4A2E66E56DF2,N/A,buses\ufxendpointcreate.htm,UFXCLIENT\SkeletonMD\nf-ufxclient-ufxendpointcreate.md,REDMOND\prwilk
UfxEndpointGetCommandQueue,ufxclient.h,['Ufxclient.h'],['Kernel_Mode_Headers_(x86)\\ufx\\1.1\\ufxclient.h'],WDK,usbref,function,method,method,N,Type Mismatch,EBCEABEF-69E6-4F1C-8073-C1296058AB2E,N/A,buses\ufxendpointgetcommandqueue.htm,UFXCLIENT\SkeletonMD\nf-ufxclient-ufxendpointgetcommandqueue.md,REDMOND\prwilk
UfxEndpointGetTransferQueue,ufxclient.h,['Ufxclient.h'],['Kernel_Mode_Headers_(x86)\\ufx\\1.1\\ufxclient.h'],WDK,usbref,function,method,method,N,Type Mismatch,80034612-AD00-4340-9C4B-A42FD268FEE8,N/A,buses\ufxendpointgettransferqueue.htm,UFXCLIENT\SkeletonMD\nf-ufxclient-ufxendpointgettransferqueue.md,REDMOND\prwilk
UfxEndpointInitSetEventCallbacks,ufxclient.h,['Ufxclient.h'],['Kernel_Mode_Headers_(x86)\\ufx\\1.1\\ufxclient.h'],WDK,usbref,function,method,method,N,Type Mismatch,8E26905A-BED2-445E-9D75-DC01668281BB,N/A,buses\ufxendpointinitseteventcallbacks.htm,UFXCLIENT\SkeletonMD\nf-ufxclient-ufxendpointinitseteventcallbacks.md,REDMOND\prwilk
UfxEndpointNotifySetup,ufxclient.h,['Ufxclient.h'],['Kernel_Mode_Headers_(x86)\\ufx\\1.1\\ufxclient.h'],WDK,usbref,function,method,method,N,Type Mismatch,C6563050-B205-4564-BB4E-40EE8F2F55C3,N/A,buses\ufxendpointnotifysetup.htm,UFXCLIENT\SkeletonMD\nf-ufxclient-ufxendpointnotifysetup.md,REDMOND\prwilk
UfxFdoInit,ufxclient.h,['Ufxclient.h'],['Kernel_Mode_Headers_(x86)\\ufx\\1.1\\ufxclient.h'],WDK,usbref,function,method,method,N,Type Mismatch,F0FB742C-CBB7-462C-A168-33B1F8AC4A03,N/A,buses\ufxfdoinit.htm,UFXCLIENT\SkeletonMD\nf-ufxclient-ufxfdoinit.md,REDMOND\prwilk
Ioctl,wdbgexts.h,"['Wdbgexts.h', 'Dbgeng.h']",,WDK,Debugger,ioctl,ovw,function,N,Type Mismatch,D26EFDEF-07AA-45DF-B264-35285AFE6BC4,N/A,debugger\ioctl.htm,WDBGEXTS\SkeletonMD\ni-wdbgexts-ioctl.md,REDMOND\domars
WdfCommonBufferCreate,wdfcommonbuffer.h,"['Wdfcommonbuffer.h', 'WdfCommonBuffer.h']","['Windows_Driver_Foundation_Headers\\kmdf\\1.11\\wdfcommonbuffer.h', 'Windows_Driver_Foundation_Headers\\kmdf\\1.13\\wdfcommonbuffer.h', 'Windows_Driver_Foundation_Headers\\kmdf\\1.15\\wdfcommonbuffer.h', 'Windows_Driver_Foundation_Headers\\kmdf\\1.17\\wdfcommonbuffer.h', 'Windows_Driver_Foundation_Headers\\kmdf\\1.19\\wdfcommonbuffer.h', 'Windows_Driver_Foundation_Headers\\kmdf\\1.21\\wdfcommonbuffer.h', 'Windows_Driver_Foundation_Headers\\kmdf\\1.23\\wdfcommonbuffer.h', 'Windows_Driver_Foundation_Headers\\kmdf\\1.9\\wdfcommonbuffer.h']",WDK,wdf,function,method,method,N,Type Mismatch,CBC4C9DA-44D8-4979-A5A6-8DD5F7A6BAEA,N/A,wdf\wdfcommonbuffercreate.htm,WDFCOMMONBUFFER\SkeletonMD\nf-wdfcommonbuffer-wdfcommonbuffercreate.md,REDMOND\tedhudek
WdfCommonBufferCreateWithConfig,wdfcommonbuffer.h,"['Wdfcommonbuffer.h', 'WdfCommonBuffer.h']","['Windows_Driver_Foundation_Headers\\kmdf\\1.11\\wdfcommonbuffer.h', 'Windows_Driver_Foundation_Headers\\kmdf\\1.13\\wdfcommonbuffer.h', 'Windows_Driver_Foundation_Headers\\kmdf\\1.15\\wdfcommonbuffer.h', 'Windows_Driver_Foundation_Headers\\kmdf\\1.17\\wdfcommonbuffer.h', 'Windows_Driver_Foundation_Headers\\kmdf\\1.19\\wdfcommonbuffer.h', 'Windows_Driver_Foundation_Headers\\kmdf\\1.21\\wdfcommonbuffer.h', 'Windows_Driver_Foundation_Headers\\kmdf\\1.23\\wdfcommonbuffer.h', 'Windows_Driver_Foundation_Headers\\kmdf\\1.9\\wdfcommonbuffer.h']",WDK,wdf,function,method,method,N,Type Mismatch,753F654F-9CD4-4A75-A8B8-862CEF43054F,N/A,wdf\wdfcommonbuffercreatewithconfig.htm,WDFCOMMONBUFFER\SkeletonMD\nf-wdfcommonbuffer-wdfcommonbuffercreatewithconfig.md,REDMOND\tedhudek
WdfCommonBufferGetAlignedLogicalAddress,wdfcommonbuffer.h,"['Wdfcommonbuffer.h', 'WdfCommonBuffer.h']","['Windows_Driver_Foundation_Headers\\kmdf\\1.11\\wdfcommonbuffer.h', 'Windows_Driver_Foundation_Headers\\kmdf\\1.13\\wdfcommonbuffer.h', 'Windows_Driver_Foundation_Headers\\kmdf\\1.15\\wdfcommonbuffer.h', 'Windows_Driver_Foundation_Headers\\kmdf\\1.17\\wdfcommonbuffer.h', 'Windows_Driver_Foundation_Headers\\kmdf\\1.19\\wdfcommonbuffer.h', 'Windows_Driver_Foundation_Headers\\kmdf\\1.21\\wdfcommonbuffer.h', 'Windows_Driver_Foundation_Headers\\kmdf\\1.23\\wdfcommonbuffer.h', 'Windows_Driver_Foundation_Headers\\kmdf\\1.9\\wdfcommonbuffer.h']",WDK,wdf,function,method,method,N,Type Mismatch,9C54E45B-35B1-4419-88A3-551285BD7FF9,N/A,wdf\wdfcommonbuffergetalignedlogicaladdress.htm,WDFCOMMONBUFFER\SkeletonMD\nf-wdfcommonbuffer-wdfcommonbuffergetalignedlogicaladdress.md,REDMOND\tedhudek
WdfCommonBufferGetAlignedVirtualAddress,wdfcommonbuffer.h,"['Wdfcommonbuffer.h', 'WdfCommonBuffer.h']","['Windows_Driver_Foundation_Headers\\kmdf\\1.11\\wdfcommonbuffer.h', 'Windows_Driver_Foundation_Headers\\kmdf\\1.13\\wdfcommonbuffer.h', 'Windows_Driver_Foundation_Headers\\kmdf\\1.15\\wdfcommonbuffer.h', 'Windows_Driver_Foundation_Headers\\kmdf\\1.17\\wdfcommonbuffer.h', 'Windows_Driver_Foundation_Headers\\kmdf\\1.19\\wdfcommonbuffer.h', 'Windows_Driver_Foundation_Headers\\kmdf\\1.21\\wdfcommonbuffer.h', 'Windows_Driver_Foundation_Headers\\kmdf\\1.23\\wdfcommonbuffer.h', 'Windows_Driver_Foundation_Headers\\kmdf\\1.9\\wdfcommonbuffer.h']",WDK,wdf,function,method,method,N,Type Mismatch,F14F509F-F66C-4DD6-A556-09B62997F2A7,N/A,wdf\wdfcommonbuffergetalignedvirtualaddress.htm,WDFCOMMONBUFFER\SkeletonMD\nf-wdfcommonbuffer-wdfcommonbuffergetalignedvirtualaddress.md,REDMOND\tedhudek
WdfCommonBufferGetLength,wdfcommonbuffer.h,"['Wdfcommonbuffer.h', 'WdfCommonBuffer.h']","['Windows_Driver_Foundation_Headers\\kmdf\\1.11\\wdfcommonbuffer.h', 'Windows_Driver_Foundation_Headers\\kmdf\\1.13\\wdfcommonbuffer.h', 'Windows_Driver_Foundation_Headers\\kmdf\\1.15\\wdfcommonbuffer.h', 'Windows_Driver_Foundation_Headers\\kmdf\\1.17\\wdfcommonbuffer.h', 'Windows_Driver_Foundation_Headers\\kmdf\\1.19\\wdfcommonbuffer.h', 'Windows_Driver_Foundation_Headers\\kmdf\\1.21\\wdfcommonbuffer.h', 'Windows_Driver_Foundation_Headers\\kmdf\\1.23\\wdfcommonbuffer.h', 'Windows_Driver_Foundation_Headers\\kmdf\\1.9\\wdfcommonbuffer.h']",WDK,wdf,function,method,method,N,Type Mismatch,8F601134-951B-4E46-AC20-92729D8AA49A,N/A,wdf\wdfcommonbuffergetlength.htm,WDFCOMMONBUFFER\SkeletonMD\nf-wdfcommonbuffer-wdfcommonbuffergetlength.md,REDMOND\tedhudek
WdfCompanionCreate,wdfcompanion.h,['Wdfcompanion.h'],['Windows_Driver_Foundation_Headers\\umdf\\2.23\\wdfcompanion.h'],WDK,wdf,function,method,method,N,Type Mismatch,D0B8325A-7627-4A03-AD02-5EF9FF181BBA,N/A,wdf\wdfcompanioncreate.htm,WDFCOMPANION\SkeletonMD\nf-wdfcompanion-wdfcompanioncreate.md,REDMOND\tedhudek
WdfCompanionCreateTaskQueue,wdfcompanion.h,['Wdfcompanion.h'],['Windows_Driver_Foundation_Headers\\umdf\\2.23\\wdfcompanion.h'],WDK,wdf,function,method,method,N,Type Mismatch,EA9DFA7F-3CA5-4D17-B9F6-52CD7BEC9292,N/A,wdf\wdfcompanioncreatetaskqueue.htm,WDFCOMPANION\SkeletonMD\nf-wdfcompanion-wdfcompanioncreatetaskqueue.md,REDMOND\tedhudek
WdfCompanionWdmGetSecureDeviceHandle,wdfcompanion.h,['Wdfcompanion.h'],['Windows_Driver_Foundation_Headers\\umdf\\2.23\\wdfcompanion.h'],WDK,wdf,function,method,method,N,Type Mismatch,7369CDDF-8BD0-4244-B136-D0BCF09E647A,N/A,wdf\wdfcompanionwdmgetsecuredevicehandle.htm,WDFCOMPANION\SkeletonMD\nf-wdfcompanion-wdfcompanionwdmgetsecuredevicehandle.md,REDMOND\tedhudek
WdfDeviceInitSetCompanionEventCallbacks,wdfcompanion.h,['Wdfcompanion.h'],['Windows_Driver_Foundation_Headers\\umdf\\2.23\\wdfcompanion.h'],WDK,wdf,function,method,method,N,Type Mismatch,BC9AD9D7-4A32-47C7-88AE-5E2777F5D041,N/A,wdf\wdfdeviceinitsetcompanioneventcallbacks.htm,WDFCOMPANION\SkeletonMD\nf-wdfcompanion-wdfdeviceinitsetcompanioneventcallbacks.md,REDMOND\tedhudek
WdfCompanionTargetSendTaskSynchronously,wdfcompaniontarget.h,['Wdfcompaniontarget.h'],['Windows_Driver_Foundation_Headers\\kmdf\\1.23\\wdfcompaniontarget.h'],WDK,wdf,function,method,method,N,Type Mismatch,81F59C48-E718-47FC-A130-68EB73AEBD56,N/A,wdf\wdfcompaniontargetsendtasksynchronously.htm,WDFCOMPANIONTARGET\SkeletonMD\nf-wdfcompaniontarget-wdfcompaniontargetsendtasksynchronously.md,REDMOND\tedhudek
WdfCompanionTargetWdmGetCompanionProcess,wdfcompaniontarget.h,['Wdfcompaniontarget.h'],['Windows_Driver_Foundation_Headers\\kmdf\\1.23\\wdfcompaniontarget.h'],WDK,wdf,function,method,method,N,Type Mismatch,A0B87527-CB71-4449-98BE-76A97ACAB336,N/A,wdf\wdfcompaniontargetwdmgetcompanionprocess.htm,WDFCOMPANIONTARGET\SkeletonMD\nf-wdfcompaniontarget-wdfcompaniontargetwdmgetcompanionprocess.md,REDMOND\tedhudek
WdfDmaEnablerConfigureSystemProfile,wdfdmaenabler.h,"['Wdfdmaenabler.h', 'Wdf.h']","['Windows_Driver_Foundation_Headers\\kmdf\\1.11\\wdfdmaenabler.h', 'Windows_Driver_Foundation_Headers\\kmdf\\1.13\\wdfdmaenabler.h', 'Windows_Driver_Foundation_Headers\\kmdf\\1.15\\wdfdmaenabler.h', 'Windows_Driver_Foundation_Headers\\kmdf\\1.17\\wdfdmaenabler.h', 'Windows_Driver_Foundation_Headers\\kmdf\\1.19\\wdfdmaenabler.h', 'Windows_Driver_Foundation_Headers\\kmdf\\1.21\\wdfdmaenabler.h', 'Windows_Driver_Foundation_Headers\\kmdf\\1.23\\wdfdmaenabler.h', 'Windows_Driver_Foundation_Headers\\kmdf\\1.9\\wdfdmaenabler.h']",WDK,wdf,function,method,method,N,Type Mismatch,A7A7088F-0B29-46D3-8BB3-F8A7981797C5,N/A,wdf\wdfdmaenablerconfiguresystemprofile.htm,WDFDMAENABLER\SkeletonMD\nf-wdfdmaenabler-wdfdmaenablerconfiguresystemprofile.md,REDMOND\tedhudek
WdfDmaEnablerCreate,wdfdmaenabler.h,"['Wdfdmaenabler.h', 'Wdf.h']","['Windows_Driver_Foundation_Headers\\kmdf\\1.11\\wdfdmaenabler.h', 'Windows_Driver_Foundation_Headers\\kmdf\\1.13\\wdfdmaenabler.h', 'Windows_Driver_Foundation_Headers\\kmdf\\1.15\\wdfdmaenabler.h', 'Windows_Driver_Foundation_Headers\\kmdf\\1.17\\wdfdmaenabler.h', 'Windows_Driver_Foundation_Headers\\kmdf\\1.19\\wdfdmaenabler.h', 'Windows_Driver_Foundation_Headers\\kmdf\\1.21\\wdfdmaenabler.h', 'Windows_Driver_Foundation_Headers\\kmdf\\1.23\\wdfdmaenabler.h', 'Windows_Driver_Foundation_Headers\\kmdf\\1.9\\wdfdmaenabler.h']",WDK,wdf,function,method,method,N,Type Mismatch,411A4F58-4078-4DD5-B78A-2BA373469003,N/A,wdf\wdfdmaenablercreate.htm,WDFDMAENABLER\SkeletonMD\nf-wdfdmaenabler-wdfdmaenablercreate.md,REDMOND\tedhudek
WdfDmaEnablerGetFragmentLength,wdfdmaenabler.h,"['Wdfdmaenabler.h', 'Wdf.h']","['Windows_Driver_Foundation_Headers\\kmdf\\1.11\\wdfdmaenabler.h', 'Windows_Driver_Foundation_Headers\\kmdf\\1.13\\wdfdmaenabler.h', 'Windows_Driver_Foundation_Headers\\kmdf\\1.15\\wdfdmaenabler.h', 'Windows_Driver_Foundation_Headers\\kmdf\\1.17\\wdfdmaenabler.h', 'Windows_Driver_Foundation_Headers\\kmdf\\1.19\\wdfdmaenabler.h', 'Windows_Driver_Foundation_Headers\\kmdf\\1.21\\wdfdmaenabler.h', 'Windows_Driver_Foundation_Headers\\kmdf\\1.23\\wdfdmaenabler.h', 'Windows_Driver_Foundation_Headers\\kmdf\\1.9\\wdfdmaenabler.h']",WDK,wdf,function,method,method,N,Type Mismatch,890B5849-D4FA-49C0-806D-002E82E31B46,N/A,wdf\wdfdmaenablergetfragmentlength.htm,WDFDMAENABLER\SkeletonMD\nf-wdfdmaenabler-wdfdmaenablergetfragmentlength.md,REDMOND\tedhudek
WdfDmaEnablerGetMaximumLength,wdfdmaenabler.h,"['Wdfdmaenabler.h', 'Wdf.h']","['Windows_Driver_Foundation_Headers\\kmdf\\1.11\\wdfdmaenabler.h', 'Windows_Driver_Foundation_Headers\\kmdf\\1.13\\wdfdmaenabler.h', 'Windows_Driver_Foundation_Headers\\kmdf\\1.15\\wdfdmaenabler.h', 'Windows_Driver_Foundation_Headers\\kmdf\\1.17\\wdfdmaenabler.h', 'Windows_Driver_Foundation_Headers\\kmdf\\1.19\\wdfdmaenabler.h', 'Windows_Driver_Foundation_Headers\\kmdf\\1.21\\wdfdmaenabler.h', 'Windows_Driver_Foundation_Headers\\kmdf\\1.23\\wdfdmaenabler.h', 'Windows_Driver_Foundation_Headers\\kmdf\\1.9\\wdfdmaenabler.h']",WDK,wdf,function,method,method,N,Type Mismatch,583D213A-F33C-45A3-B28A-027CA0E4227B,N/A,wdf\wdfdmaenablergetmaximumlength.htm,WDFDMAENABLER\SkeletonMD\nf-wdfdmaenabler-wdfdmaenablergetmaximumlength.md,REDMOND\tedhudek
WdfDmaEnablerGetMaximumScatterGatherElements,wdfdmaenabler.h,"['Wdfdmaenabler.h', 'Wdf.h']","['Windows_Driver_Foundation_Headers\\kmdf\\1.11\\wdfdmaenabler.h', 'Windows_Driver_Foundation_Headers\\kmdf\\1.13\\wdfdmaenabler.h', 'Windows_Driver_Foundation_Headers\\kmdf\\1.15\\wdfdmaenabler.h', 'Windows_Driver_Foundation_Headers\\kmdf\\1.17\\wdfdmaenabler.h', 'Windows_Driver_Foundation_Headers\\kmdf\\1.19\\wdfdmaenabler.h', 'Windows_Driver_Foundation_Headers\\kmdf\\1.21\\wdfdmaenabler.h', 'Windows_Driver_Foundation_Headers\\kmdf\\1.23\\wdfdmaenabler.h', 'Windows_Driver_Foundation_Headers\\kmdf\\1.9\\wdfdmaenabler.h']",WDK,wdf,function,method,method,N,Type Mismatch,C089D09D-56D5-4BF9-BB7F-AB5914730D19,N/A,wdf\wdfdmaenablergetmaximumscattergatherelements.htm,WDFDMAENABLER\SkeletonMD\nf-wdfdmaenabler-wdfdmaenablergetmaximumscattergatherelements.md,REDMOND\tedhudek
WdfDmaEnablerSetMaximumScatterGatherElements,wdfdmaenabler.h,"['Wdfdmaenabler.h', 'Wdf.h']","['Windows_Driver_Foundation_Headers\\kmdf\\1.11\\wdfdmaenabler.h', 'Windows_Driver_Foundation_Headers\\kmdf\\1.13\\wdfdmaenabler.h', 'Windows_Driver_Foundation_Headers\\kmdf\\1.15\\wdfdmaenabler.h', 'Windows_Driver_Foundation_Headers\\kmdf\\1.17\\wdfdmaenabler.h', 'Windows_Driver_Foundation_Headers\\kmdf\\1.19\\wdfdmaenabler.h', 'Windows_Driver_Foundation_Headers\\kmdf\\1.21\\wdfdmaenabler.h', 'Windows_Driver_Foundation_Headers\\kmdf\\1.23\\wdfdmaenabler.h', 'Windows_Driver_Foundation_Headers\\kmdf\\1.9\\wdfdmaenabler.h']",WDK,wdf,function,method,method,N,Type Mismatch,8D8F9ED5-2980-4F84-A202-B090654256DF,N/A,wdf\wdfdmaenablersetmaximumscattergatherelements.htm,WDFDMAENABLER\SkeletonMD\nf-wdfdmaenabler-wdfdmaenablersetmaximumscattergatherelements.md,REDMOND\tedhudek
WdfDmaEnablerWdmGetDmaAdapter,wdfdmaenabler.h,"['Wdfdmaenabler.h', 'Wdf.h']","['Windows_Driver_Foundation_Headers\\kmdf\\1.11\\wdfdmaenabler.h', 'Windows_Driver_Foundation_Headers\\kmdf\\1.13\\wdfdmaenabler.h', 'Windows_Driver_Foundation_Headers\\kmdf\\1.15\\wdfdmaenabler.h', 'Windows_Driver_Foundation_Headers\\kmdf\\1.17\\wdfdmaenabler.h', 'Windows_Driver_Foundation_Headers\\kmdf\\1.19\\wdfdmaenabler.h', 'Windows_Driver_Foundation_Headers\\kmdf\\1.21\\wdfdmaenabler.h', 'Windows_Driver_Foundation_Headers\\kmdf\\1.23\\wdfdmaenabler.h', 'Windows_Driver_Foundation_Headers\\kmdf\\1.9\\wdfdmaenabler.h']",WDK,wdf,function,method,method,N,Type Mismatch,339BEC0B-501B-47C0-A89F-C1DD9E89F632,N/A,wdf\wdfdmaenablerwdmgetdmaadapter.htm,WDFDMAENABLER\SkeletonMD\nf-wdfdmaenabler-wdfdmaenablerwdmgetdmaadapter.md,REDMOND\tedhudek
WdfDmaTransactionAllocateResources,wdfdmatransaction.h,"['Wdf.h', 'Wdfdmatransaction.h']","['Windows_Driver_Foundation_Headers\\kmdf\\1.11\\wdfdmatransaction.h', 'Windows_Driver_Foundation_Headers\\kmdf\\1.13\\wdfdmatransaction.h', 'Windows_Driver_Foundation_Headers\\kmdf\\1.15\\wdfdmatransaction.h', 'Windows_Driver_Foundation_Headers\\kmdf\\1.17\\wdfdmatransaction.h', 'Windows_Driver_Foundation_Headers\\kmdf\\1.19\\wdfdmatransaction.h', 'Windows_Driver_Foundation_Headers\\kmdf\\1.21\\wdfdmatransaction.h', 'Windows_Driver_Foundation_Headers\\kmdf\\1.23\\wdfdmatransaction.h', 'Windows_Driver_Foundation_Headers\\kmdf\\1.9\\wdfdmatransaction.h']",WDK,wdf,function,method,method,N,Type Mismatch,C03E55AA-B331-41BF-99C8-7C2CFCB42CBF,N/A,wdf\wdfdmatransactionallocateresources.htm,WDFDMATRANSACTION\SkeletonMD\nf-wdfdmatransaction-wdfdmatransactionallocateresources.md,REDMOND\tedhudek
WdfDmaTransactionCancel,wdfdmatransaction.h,"['Wdf.h', 'Wdfdmatransaction.h']","['Windows_Driver_Foundation_Headers\\kmdf\\1.11\\wdfdmatransaction.h', 'Windows_Driver_Foundation_Headers\\kmdf\\1.13\\wdfdmatransaction.h', 'Windows_Driver_Foundation_Headers\\kmdf\\1.15\\wdfdmatransaction.h', 'Windows_Driver_Foundation_Headers\\kmdf\\1.17\\wdfdmatransaction.h', 'Windows_Driver_Foundation_Headers\\kmdf\\1.19\\wdfdmatransaction.h', 'Windows_Driver_Foundation_Headers\\kmdf\\1.21\\wdfdmatransaction.h', 'Windows_Driver_Foundation_Headers\\kmdf\\1.23\\wdfdmatransaction.h', 'Windows_Driver_Foundation_Headers\\kmdf\\1.9\\wdfdmatransaction.h']",WDK,wdf,function,method,method,N,Type Mismatch,0C419165-1EFA-42EC-882F-446BADF2C68B,N/A,wdf\wdfdmatransactioncancel.htm,WDFDMATRANSACTION\SkeletonMD\nf-wdfdmatransaction-wdfdmatransactioncancel.md,REDMOND\tedhudek
WdfDmaTransactionCreate,wdfdmatransaction.h,"['Wdf.h', 'Wdfdmatransaction.h']","['Windows_Driver_Foundation_Headers\\kmdf\\1.11\\wdfdmatransaction.h', 'Windows_Driver_Foundation_Headers\\kmdf\\1.13\\wdfdmatransaction.h', 'Windows_Driver_Foundation_Headers\\kmdf\\1.15\\wdfdmatransaction.h', 'Windows_Driver_Foundation_Headers\\kmdf\\1.17\\wdfdmatransaction.h', 'Windows_Driver_Foundation_Headers\\kmdf\\1.19\\wdfdmatransaction.h', 'Windows_Driver_Foundation_Headers\\kmdf\\1.21\\wdfdmatransaction.h', 'Windows_Driver_Foundation_Headers\\kmdf\\1.23\\wdfdmatransaction.h', 'Windows_Driver_Foundation_Headers\\kmdf\\1.9\\wdfdmatransaction.h']",WDK,wdf,function,method,method,N,Type Mismatch,4999D441-903F-47F6-82C5-E68FF87BD13D,N/A,wdf\wdfdmatransactioncreate.htm,WDFDMATRANSACTION\SkeletonMD\nf-wdfdmatransaction-wdfdmatransactioncreate.md,REDMOND\tedhudek
WdfDmaTransactionDmaCompleted,wdfdmatransaction.h,"['Wdf.h', 'Wdfdmatransaction.h']","['Windows_Driver_Foundation_Headers\\kmdf\\1.11\\wdfdmatransaction.h', 'Windows_Driver_Foundation_Headers\\kmdf\\1.13\\wdfdmatransaction.h', 'Windows_Driver_Foundation_Headers\\kmdf\\1.15\\wdfdmatransaction.h', 'Windows_Driver_Foundation_Headers\\kmdf\\1.17\\wdfdmatransaction.h', 'Windows_Driver_Foundation_Headers\\kmdf\\1.19\\wdfdmatransaction.h', 'Windows_Driver_Foundation_Headers\\kmdf\\1.21\\wdfdmatransaction.h', 'Windows_Driver_Foundation_Headers\\kmdf\\1.23\\wdfdmatransaction.h', 'Windows_Driver_Foundation_Headers\\kmdf\\1.9\\wdfdmatransaction.h']",WDK,wdf,function,method,method,N,Type Mismatch,A68ABC14-9526-4AAC-B2EE-B4E3E3A9CB62,N/A,wdf\wdfdmatransactiondmacompleted.htm,WDFDMATRANSACTION\SkeletonMD\nf-wdfdmatransaction-wdfdmatransactiondmacompleted.md,REDMOND\tedhudek
WdfDmaTransactionDmaCompletedFinal,wdfdmatransaction.h,"['Wdf.h', 'Wdfdmatransaction.h']","['Windows_Driver_Foundation_Headers\\kmdf\\1.11\\wdfdmatransaction.h', 'Windows_Driver_Foundation_Headers\\kmdf\\1.13\\wdfdmatransaction.h', 'Windows_Driver_Foundation_Headers\\kmdf\\1.15\\wdfdmatransaction.h', 'Windows_Driver_Foundation_Headers\\kmdf\\1.17\\wdfdmatransaction.h', 'Windows_Driver_Foundation_Headers\\kmdf\\1.19\\wdfdmatransaction.h', 'Windows_Driver_Foundation_Headers\\kmdf\\1.21\\wdfdmatransaction.h', 'Windows_Driver_Foundation_Headers\\kmdf\\1.23\\wdfdmatransaction.h', 'Windows_Driver_Foundation_Headers\\kmdf\\1.9\\wdfdmatransaction.h']",WDK,wdf,function,method,method,N,Type Mismatch,B986C15F-A6D2-4753-98AD-8AC35EBE6852,N/A,wdf\wdfdmatransactiondmacompletedfinal.htm,WDFDMATRANSACTION\SkeletonMD\nf-wdfdmatransaction-wdfdmatransactiondmacompletedfinal.md,REDMOND\tedhudek
WdfDmaTransactionDmaCompletedWithLength,wdfdmatransaction.h,"['Wdf.h', 'Wdfdmatransaction.h']","['Windows_Driver_Foundation_Headers\\kmdf\\1.11\\wdfdmatransaction.h', 'Windows_Driver_Foundation_Headers\\kmdf\\1.13\\wdfdmatransaction.h', 'Windows_Driver_Foundation_Headers\\kmdf\\1.15\\wdfdmatransaction.h', 'Windows_Driver_Foundation_Headers\\kmdf\\1.17\\wdfdmatransaction.h', 'Windows_Driver_Foundation_Headers\\kmdf\\1.19\\wdfdmatransaction.h', 'Windows_Driver_Foundation_Headers\\kmdf\\1.21\\wdfdmatransaction.h', 'Windows_Driver_Foundation_Headers\\kmdf\\1.23\\wdfdmatransaction.h', 'Windows_Driver_Foundation_Headers\\kmdf\\1.9\\wdfdmatransaction.h']",WDK,wdf,function,method,method,N,Type Mismatch,0C78A520-6AF2-49EC-B07B-D5298FA99BC0,N/A,wdf\wdfdmatransactiondmacompletedwithlength.htm,WDFDMATRANSACTION\SkeletonMD\nf-wdfdmatransaction-wdfdmatransactiondmacompletedwithlength.md,REDMOND\tedhudek
WdfDmaTransactionExecute,wdfdmatransaction.h,"['Wdf.h', 'Wdfdmatransaction.h']","['Windows_Driver_Foundation_Headers\\kmdf\\1.11\\wdfdmatransaction.h', 'Windows_Driver_Foundation_Headers\\kmdf\\1.13\\wdfdmatransaction.h', 'Windows_Driver_Foundation_Headers\\kmdf\\1.15\\wdfdmatransaction.h', 'Windows_Driver_Foundation_Headers\\kmdf\\1.17\\wdfdmatransaction.h', 'Windows_Driver_Foundation_Headers\\kmdf\\1.19\\wdfdmatransaction.h', 'Windows_Driver_Foundation_Headers\\kmdf\\1.21\\wdfdmatransaction.h', 'Windows_Driver_Foundation_Headers\\kmdf\\1.23\\wdfdmatransaction.h', 'Windows_Driver_Foundation_Headers\\kmdf\\1.9\\wdfdmatransaction.h']",WDK,wdf,function,method,method,N,Type Mismatch,E912E6AA-7B05-432C-9AF2-819F7F23102F,N/A,wdf\wdfdmatransactionexecute.htm,WDFDMATRANSACTION\SkeletonMD\nf-wdfdmatransaction-wdfdmatransactionexecute.md,REDMOND\tedhudek
WdfDmaTransactionFreeResources,wdfdmatransaction.h,"['Wdf.h', 'Wdfdmatransaction.h']","['Windows_Driver_Foundation_Headers\\kmdf\\1.11\\wdfdmatransaction.h', 'Windows_Driver_Foundation_Headers\\kmdf\\1.13\\wdfdmatransaction.h', 'Windows_Driver_Foundation_Headers\\kmdf\\1.15\\wdfdmatransaction.h', 'Windows_Driver_Foundation_Headers\\kmdf\\1.17\\wdfdmatransaction.h', 'Windows_Driver_Foundation_Headers\\kmdf\\1.19\\wdfdmatransaction.h', 'Windows_Driver_Foundation_Headers\\kmdf\\1.21\\wdfdmatransaction.h', 'Windows_Driver_Foundation_Headers\\kmdf\\1.23\\wdfdmatransaction.h', 'Windows_Driver_Foundation_Headers\\kmdf\\1.9\\wdfdmatransaction.h']",WDK,wdf,function,method,method,N,Type Mismatch,DD5178E9-EB0F-4A91-BE36-5AE8B01926EE,N/A,wdf\wdfdmatransactionfreeresources.htm,WDFDMATRANSACTION\SkeletonMD\nf-wdfdmatransaction-wdfdmatransactionfreeresources.md,REDMOND\tedhudek
WdfDmaTransactionGetBytesTransferred,wdfdmatransaction.h,"['Wdf.h', 'Wdfdmatransaction.h']","['Windows_Driver_Foundation_Headers\\kmdf\\1.11\\wdfdmatransaction.h', 'Windows_Driver_Foundation_Headers\\kmdf\\1.13\\wdfdmatransaction.h', 'Windows_Driver_Foundation_Headers\\kmdf\\1.15\\wdfdmatransaction.h', 'Windows_Driver_Foundation_Headers\\kmdf\\1.17\\wdfdmatransaction.h', 'Windows_Driver_Foundation_Headers\\kmdf\\1.19\\wdfdmatransaction.h', 'Windows_Driver_Foundation_Headers\\kmdf\\1.21\\wdfdmatransaction.h', 'Windows_Driver_Foundation_Headers\\kmdf\\1.23\\wdfdmatransaction.h', 'Windows_Driver_Foundation_Headers\\kmdf\\1.9\\wdfdmatransaction.h']",WDK,wdf,function,method,method,N,Type Mismatch,BDC5CBDE-4AC3-470D-96F6-6FC1CFFB5E84,N/A,wdf\wdfdmatransactiongetbytestransferred.htm,WDFDMATRANSACTION\SkeletonMD\nf-wdfdmatransaction-wdfdmatransactiongetbytestransferred.md,REDMOND\tedhudek
WdfDmaTransactionGetCurrentDmaTransferLength,wdfdmatransaction.h,"['Wdf.h', 'Wdfdmatransaction.h']","['Windows_Driver_Foundation_Headers\\kmdf\\1.11\\wdfdmatransaction.h', 'Windows_Driver_Foundation_Headers\\kmdf\\1.13\\wdfdmatransaction.h', 'Windows_Driver_Foundation_Headers\\kmdf\\1.15\\wdfdmatransaction.h', 'Windows_Driver_Foundation_Headers\\kmdf\\1.17\\wdfdmatransaction.h', 'Windows_Driver_Foundation_Headers\\kmdf\\1.19\\wdfdmatransaction.h', 'Windows_Driver_Foundation_Headers\\kmdf\\1.21\\wdfdmatransaction.h', 'Windows_Driver_Foundation_Headers\\kmdf\\1.23\\wdfdmatransaction.h', 'Windows_Driver_Foundation_Headers\\kmdf\\1.9\\wdfdmatransaction.h']",WDK,wdf,function,method,method,N,Type Mismatch,0547325E-5E89-4900-87CB-A50BD730E9D8,N/A,wdf\wdfdmatransactiongetcurrentdmatransferlength.htm,WDFDMATRANSACTION\SkeletonMD\nf-wdfdmatransaction-wdfdmatransactiongetcurrentdmatransferlength.md,REDMOND\tedhudek
WdfDmaTransactionGetDevice,wdfdmatransaction.h,"['Wdf.h', 'Wdfdmatransaction.h']","['Windows_Driver_Foundation_Headers\\kmdf\\1.11\\wdfdmatransaction.h', 'Windows_Driver_Foundation_Headers\\kmdf\\1.13\\wdfdmatransaction.h', 'Windows_Driver_Foundation_Headers\\kmdf\\1.15\\wdfdmatransaction.h', 'Windows_Driver_Foundation_Headers\\kmdf\\1.17\\wdfdmatransaction.h', 'Windows_Driver_Foundation_Headers\\kmdf\\1.19\\wdfdmatransaction.h', 'Windows_Driver_Foundation_Headers\\kmdf\\1.21\\wdfdmatransaction.h', 'Windows_Driver_Foundation_Headers\\kmdf\\1.23\\wdfdmatransaction.h', 'Windows_Driver_Foundation_Headers\\kmdf\\1.9\\wdfdmatransaction.h']",WDK,wdf,function,method,method,N,Type Mismatch,636F20D7-FABF-476D-A925-C6BD887E09FE,N/A,wdf\wdfdmatransactiongetdevice.htm,WDFDMATRANSACTION\SkeletonMD\nf-wdfdmatransaction-wdfdmatransactiongetdevice.md,REDMOND\tedhudek
WdfDmaTransactionGetRequest,wdfdmatransaction.h,"['Wdf.h', 'Wdfdmatransaction.h']","['Windows_Driver_Foundation_Headers\\kmdf\\1.11\\wdfdmatransaction.h', 'Windows_Driver_Foundation_Headers\\kmdf\\1.13\\wdfdmatransaction.h', 'Windows_Driver_Foundation_Headers\\kmdf\\1.15\\wdfdmatransaction.h', 'Windows_Driver_Foundation_Headers\\kmdf\\1.17\\wdfdmatransaction.h', 'Windows_Driver_Foundation_Headers\\kmdf\\1.19\\wdfdmatransaction.h', 'Windows_Driver_Foundation_Headers\\kmdf\\1.21\\wdfdmatransaction.h', 'Windows_Driver_Foundation_Headers\\kmdf\\1.23\\wdfdmatransaction.h', 'Windows_Driver_Foundation_Headers\\kmdf\\1.9\\wdfdmatransaction.h']",WDK,wdf,function,method,method,N,Type Mismatch,ED39EA65-2700-4ED4-9D37-FFFE73D7CF5C,N/A,wdf\wdfdmatransactiongetrequest.htm,WDFDMATRANSACTION\SkeletonMD\nf-wdfdmatransaction-wdfdmatransactiongetrequest.md,REDMOND\tedhudek
WdfDmaTransactionGetTransferInfo,wdfdmatransaction.h,"['Wdf.h', 'Wdfdmatransaction.h']","['Windows_Driver_Foundation_Headers\\kmdf\\1.11\\wdfdmatransaction.h', 'Windows_Driver_Foundation_Headers\\kmdf\\1.13\\wdfdmatransaction.h', 'Windows_Driver_Foundation_Headers\\kmdf\\1.15\\wdfdmatransaction.h', 'Windows_Driver_Foundation_Headers\\kmdf\\1.17\\wdfdmatransaction.h', 'Windows_Driver_Foundation_Headers\\kmdf\\1.19\\wdfdmatransaction.h', 'Windows_Driver_Foundation_Headers\\kmdf\\1.21\\wdfdmatransaction.h', 'Windows_Driver_Foundation_Headers\\kmdf\\1.23\\wdfdmatransaction.h', 'Windows_Driver_Foundation_Headers\\kmdf\\1.9\\wdfdmatransaction.h']",WDK,wdf,function,method,method,N,Type Mismatch,ABAB9D91-4EF2-49B9-ADB9-DA8A38CA1F8C,N/A,wdf\wdfdmatransactiongettransferinfo.htm,WDFDMATRANSACTION\SkeletonMD\nf-wdfdmatransaction-wdfdmatransactiongettransferinfo.md,REDMOND\tedhudek
WdfDmaTransactionInitialize,wdfdmatransaction.h,"['Wdf.h', 'Wdfdmatransaction.h']","['Windows_Driver_Foundation_Headers\\kmdf\\1.11\\wdfdmatransaction.h', 'Windows_Driver_Foundation_Headers\\kmdf\\1.13\\wdfdmatransaction.h', 'Windows_Driver_Foundation_Headers\\kmdf\\1.15\\wdfdmatransaction.h', 'Windows_Driver_Foundation_Headers\\kmdf\\1.17\\wdfdmatransaction.h', 'Windows_Driver_Foundation_Headers\\kmdf\\1.19\\wdfdmatransaction.h', 'Windows_Driver_Foundation_Headers\\kmdf\\1.21\\wdfdmatransaction.h', 'Windows_Driver_Foundation_Headers\\kmdf\\1.23\\wdfdmatransaction.h', 'Windows_Driver_Foundation_Headers\\kmdf\\1.9\\wdfdmatransaction.h']",WDK,wdf,function,method,method,N,Type Mismatch,BF48A9DF-CBFC-40E0-9F22-CF7C6211A5D6,N/A,wdf\wdfdmatransactioninitialize.htm,WDFDMATRANSACTION\SkeletonMD\nf-wdfdmatransaction-wdfdmatransactioninitialize.md,REDMOND\tedhudek
WdfDmaTransactionInitializeUsingOffset,wdfdmatransaction.h,"['Wdf.h', 'Wdfdmatransaction.h']","['Windows_Driver_Foundation_Headers\\kmdf\\1.11\\wdfdmatransaction.h', 'Windows_Driver_Foundation_Headers\\kmdf\\1.13\\wdfdmatransaction.h', 'Windows_Driver_Foundation_Headers\\kmdf\\1.15\\wdfdmatransaction.h', 'Windows_Driver_Foundation_Headers\\kmdf\\1.17\\wdfdmatransaction.h', 'Windows_Driver_Foundation_Headers\\kmdf\\1.19\\wdfdmatransaction.h', 'Windows_Driver_Foundation_Headers\\kmdf\\1.21\\wdfdmatransaction.h', 'Windows_Driver_Foundation_Headers\\kmdf\\1.23\\wdfdmatransaction.h', 'Windows_Driver_Foundation_Headers\\kmdf\\1.9\\wdfdmatransaction.h']",WDK,wdf,function,method,method,N,Type Mismatch,B01934DC-5DBA-47D8-A3C9-E39B9ACDBBC4,N/A,wdf\wdfdmatransactioninitializeusingoffset.htm,WDFDMATRANSACTION\SkeletonMD\nf-wdfdmatransaction-wdfdmatransactioninitializeusingoffset.md,REDMOND\tedhudek
WdfDmaTransactionInitializeUsingRequest,wdfdmatransaction.h,"['Wdf.h', 'Wdfdmatransaction.h']","['Windows_Driver_Foundation_Headers\\kmdf\\1.11\\wdfdmatransaction.h', 'Windows_Driver_Foundation_Headers\\kmdf\\1.13\\wdfdmatransaction.h', 'Windows_Driver_Foundation_Headers\\kmdf\\1.15\\wdfdmatransaction.h', 'Windows_Driver_Foundation_Headers\\kmdf\\1.17\\wdfdmatransaction.h', 'Windows_Driver_Foundation_Headers\\kmdf\\1.19\\wdfdmatransaction.h', 'Windows_Driver_Foundation_Headers\\kmdf\\1.21\\wdfdmatransaction.h', 'Windows_Driver_Foundation_Headers\\kmdf\\1.23\\wdfdmatransaction.h', 'Windows_Driver_Foundation_Headers\\kmdf\\1.9\\wdfdmatransaction.h']",WDK,wdf,function,method,method,N,Type Mismatch,DFCBDF6B-3A7B-4668-9FF1-9DFA93B229E5,N/A,wdf\wdfdmatransactioninitializeusingrequest.htm,WDFDMATRANSACTION\SkeletonMD\nf-wdfdmatransaction-wdfdmatransactioninitializeusingrequest.md,REDMOND\tedhudek
WdfDmaTransactionRelease,wdfdmatransaction.h,"['Wdf.h', 'Wdfdmatransaction.h']","['Windows_Driver_Foundation_Headers\\kmdf\\1.11\\wdfdmatransaction.h', 'Windows_Driver_Foundation_Headers\\kmdf\\1.13\\wdfdmatransaction.h', 'Windows_Driver_Foundation_Headers\\kmdf\\1.15\\wdfdmatransaction.h', 'Windows_Driver_Foundation_Headers\\kmdf\\1.17\\wdfdmatransaction.h', 'Windows_Driver_Foundation_Headers\\kmdf\\1.19\\wdfdmatransaction.h', 'Windows_Driver_Foundation_Headers\\kmdf\\1.21\\wdfdmatransaction.h', 'Windows_Driver_Foundation_Headers\\kmdf\\1.23\\wdfdmatransaction.h', 'Windows_Driver_Foundation_Headers\\kmdf\\1.9\\wdfdmatransaction.h']",WDK,wdf,function,method,method,N,Type Mismatch,0CC1EC62-8388-4139-B036-617B3C68CDB0,N/A,wdf\wdfdmatransactionrelease.htm,WDFDMATRANSACTION\SkeletonMD\nf-wdfdmatransaction-wdfdmatransactionrelease.md,REDMOND\tedhudek
WdfDmaTransactionSetChannelConfigurationCallback,wdfdmatransaction.h,"['Wdf.h', 'Wdfdmatransaction.h']","['Windows_Driver_Foundation_Headers\\kmdf\\1.11\\wdfdmatransaction.h', 'Windows_Driver_Foundation_Headers\\kmdf\\1.13\\wdfdmatransaction.h', 'Windows_Driver_Foundation_Headers\\kmdf\\1.15\\wdfdmatransaction.h', 'Windows_Driver_Foundation_Headers\\kmdf\\1.17\\wdfdmatransaction.h', 'Windows_Driver_Foundation_Headers\\kmdf\\1.19\\wdfdmatransaction.h', 'Windows_Driver_Foundation_Headers\\kmdf\\1.21\\wdfdmatransaction.h', 'Windows_Driver_Foundation_Headers\\kmdf\\1.23\\wdfdmatransaction.h', 'Windows_Driver_Foundation_Headers\\kmdf\\1.9\\wdfdmatransaction.h']",WDK,wdf,function,method,method,N,Type Mismatch,78841C9D-6C0F-473F-83B2-BF672E985F6C,N/A,wdf\wdfdmatransactionsetchannelconfigurationcallback.htm,WDFDMATRANSACTION\SkeletonMD\nf-wdfdmatransaction-wdfdmatransactionsetchannelconfigurationcallback.md,REDMOND\tedhudek
WdfDmaTransactionSetDeviceAddressOffset,wdfdmatransaction.h,"['Wdf.h', 'Wdfdmatransaction.h']","['Windows_Driver_Foundation_Headers\\kmdf\\1.11\\wdfdmatransaction.h', 'Windows_Driver_Foundation_Headers\\kmdf\\1.13\\wdfdmatransaction.h', 'Windows_Driver_Foundation_Headers\\kmdf\\1.15\\wdfdmatransaction.h', 'Windows_Driver_Foundation_Headers\\kmdf\\1.17\\wdfdmatransaction.h', 'Windows_Driver_Foundation_Headers\\kmdf\\1.19\\wdfdmatransaction.h', 'Windows_Driver_Foundation_Headers\\kmdf\\1.21\\wdfdmatransaction.h', 'Windows_Driver_Foundation_Headers\\kmdf\\1.23\\wdfdmatransaction.h', 'Windows_Driver_Foundation_Headers\\kmdf\\1.9\\wdfdmatransaction.h']",WDK,wdf,function,method,method,N,Type Mismatch,EE626DB6-C915-48DB-B5E2-54501F8598D9,N/A,wdf\wdfdmatransactionsetdeviceaddressoffset.htm,WDFDMATRANSACTION\SkeletonMD\nf-wdfdmatransaction-wdfdmatransactionsetdeviceaddressoffset.md,REDMOND\tedhudek
WdfDmaTransactionSetImmediateExecution,wdfdmatransaction.h,"['Wdf.h', 'Wdfdmatransaction.h']","['Windows_Driver_Foundation_Headers\\kmdf\\1.11\\wdfdmatransaction.h', 'Windows_Driver_Foundation_Headers\\kmdf\\1.13\\wdfdmatransaction.h', 'Windows_Driver_Foundation_Headers\\kmdf\\1.15\\wdfdmatransaction.h', 'Windows_Driver_Foundation_Headers\\kmdf\\1.17\\wdfdmatransaction.h', 'Windows_Driver_Foundation_Headers\\kmdf\\1.19\\wdfdmatransaction.h', 'Windows_Driver_Foundation_Headers\\kmdf\\1.21\\wdfdmatransaction.h', 'Windows_Driver_Foundation_Headers\\kmdf\\1.23\\wdfdmatransaction.h', 'Windows_Driver_Foundation_Headers\\kmdf\\1.9\\wdfdmatransaction.h']",WDK,wdf,function,method,method,N,Type Mismatch,A620869D-FE6B-4EC9-A862-946DFC3266B2,N/A,wdf\wdfdmatransactionsetimmediateexecution.htm,WDFDMATRANSACTION\SkeletonMD\nf-wdfdmatransaction-wdfdmatransactionsetimmediateexecution.md,REDMOND\tedhudek
WdfDmaTransactionSetMaximumLength,wdfdmatransaction.h,"['Wdf.h', 'Wdfdmatransaction.h']","['Windows_Driver_Foundation_Headers\\kmdf\\1.11\\wdfdmatransaction.h', 'Windows_Driver_Foundation_Headers\\kmdf\\1.13\\wdfdmatransaction.h', 'Windows_Driver_Foundation_Headers\\kmdf\\1.15\\wdfdmatransaction.h', 'Windows_Driver_Foundation_Headers\\kmdf\\1.17\\wdfdmatransaction.h', 'Windows_Driver_Foundation_Headers\\kmdf\\1.19\\wdfdmatransaction.h', 'Windows_Driver_Foundation_Headers\\kmdf\\1.21\\wdfdmatransaction.h', 'Windows_Driver_Foundation_Headers\\kmdf\\1.23\\wdfdmatransaction.h', 'Windows_Driver_Foundation_Headers\\kmdf\\1.9\\wdfdmatransaction.h']",WDK,wdf,function,method,method,N,Type Mismatch,90EF13CA-77B7-446F-A7EF-2B841B691FF8,N/A,wdf\wdfdmatransactionsetmaximumlength.htm,WDFDMATRANSACTION\SkeletonMD\nf-wdfdmatransaction-wdfdmatransactionsetmaximumlength.md,REDMOND\tedhudek
WdfDmaTransactionSetSingleTransferRequirement,wdfdmatransaction.h,"['Wdf.h', 'Wdfdmatransaction.h']","['Windows_Driver_Foundation_Headers\\kmdf\\1.11\\wdfdmatransaction.h', 'Windows_Driver_Foundation_Headers\\kmdf\\1.13\\wdfdmatransaction.h', 'Windows_Driver_Foundation_Headers\\kmdf\\1.15\\wdfdmatransaction.h', 'Windows_Driver_Foundation_Headers\\kmdf\\1.17\\wdfdmatransaction.h', 'Windows_Driver_Foundation_Headers\\kmdf\\1.19\\wdfdmatransaction.h', 'Windows_Driver_Foundation_Headers\\kmdf\\1.21\\wdfdmatransaction.h', 'Windows_Driver_Foundation_Headers\\kmdf\\1.23\\wdfdmatransaction.h', 'Windows_Driver_Foundation_Headers\\kmdf\\1.9\\wdfdmatransaction.h']",WDK,wdf,function,method,method,N,Type Mismatch,12FD8C3F-1EBC-45BA-811B-4892A0975400,N/A,wdf\wdfdmatransactionsetsingletransferrequirement.htm,WDFDMATRANSACTION\SkeletonMD\nf-wdfdmatransaction-wdfdmatransactionsetsingletransferrequirement.md,REDMOND\tedhudek
WdfDmaTransactionSetTransferCompleteCallback,wdfdmatransaction.h,"['Wdf.h', 'Wdfdmatransaction.h']","['Windows_Driver_Foundation_Headers\\kmdf\\1.11\\wdfdmatransaction.h', 'Windows_Driver_Foundation_Headers\\kmdf\\1.13\\wdfdmatransaction.h', 'Windows_Driver_Foundation_Headers\\kmdf\\1.15\\wdfdmatransaction.h', 'Windows_Driver_Foundation_Headers\\kmdf\\1.17\\wdfdmatransaction.h', 'Windows_Driver_Foundation_Headers\\kmdf\\1.19\\wdfdmatransaction.h', 'Windows_Driver_Foundation_Headers\\kmdf\\1.21\\wdfdmatransaction.h', 'Windows_Driver_Foundation_Headers\\kmdf\\1.23\\wdfdmatransaction.h', 'Windows_Driver_Foundation_Headers\\kmdf\\1.9\\wdfdmatransaction.h']",WDK,wdf,function,method,method,N,Type Mismatch,70EB937F-E3ED-4C2B-A74D-9E34AEDF6082,N/A,wdf\wdfdmatransactionsettransfercompletecallback.htm,WDFDMATRANSACTION\SkeletonMD\nf-wdfdmatransaction-wdfdmatransactionsettransfercompletecallback.md,REDMOND\tedhudek
WdfDmaTransactionStopSystemTransfer,wdfdmatransaction.h,"['Wdf.h', 'Wdfdmatransaction.h']","['Windows_Driver_Foundation_Headers\\kmdf\\1.11\\wdfdmatransaction.h', 'Windows_Driver_Foundation_Headers\\kmdf\\1.13\\wdfdmatransaction.h', 'Windows_Driver_Foundation_Headers\\kmdf\\1.15\\wdfdmatransaction.h', 'Windows_Driver_Foundation_Headers\\kmdf\\1.17\\wdfdmatransaction.h', 'Windows_Driver_Foundation_Headers\\kmdf\\1.19\\wdfdmatransaction.h', 'Windows_Driver_Foundation_Headers\\kmdf\\1.21\\wdfdmatransaction.h', 'Windows_Driver_Foundation_Headers\\kmdf\\1.23\\wdfdmatransaction.h', 'Windows_Driver_Foundation_Headers\\kmdf\\1.9\\wdfdmatransaction.h']",WDK,wdf,function,method,method,N,Type Mismatch,49C68EE9-FAFE-4CBC-916C-B1970C60D3FF,N/A,wdf\wdfdmatransactionstopsystemtransfer.htm,WDFDMATRANSACTION\SkeletonMD\nf-wdfdmatransaction-wdfdmatransactionstopsystemtransfer.md,REDMOND\tedhudek
WdfDmaTransactionWdmGetTransferContext,wdfdmatransaction.h,"['Wdf.h', 'Wdfdmatransaction.h']","['Windows_Driver_Foundation_Headers\\kmdf\\1.11\\wdfdmatransaction.h', 'Windows_Driver_Foundation_Headers\\kmdf\\1.13\\wdfdmatransaction.h', 'Windows_Driver_Foundation_Headers\\kmdf\\1.15\\wdfdmatransaction.h', 'Windows_Driver_Foundation_Headers\\kmdf\\1.17\\wdfdmatransaction.h', 'Windows_Driver_Foundation_Headers\\kmdf\\1.19\\wdfdmatransaction.h', 'Windows_Driver_Foundation_Headers\\kmdf\\1.21\\wdfdmatransaction.h', 'Windows_Driver_Foundation_Headers\\kmdf\\1.23\\wdfdmatransaction.h', 'Windows_Driver_Foundation_Headers\\kmdf\\1.9\\wdfdmatransaction.h']",WDK,wdf,function,method,method,N,Type Mismatch,24241CD4-45D8-423A-9111-4BE45BDFE67C,N/A,wdf\wdfdmatransactionwdmgettransfercontext.htm,WDFDMATRANSACTION\SkeletonMD\nf-wdfdmatransaction-wdfdmatransactionwdmgettransfercontext.md,REDMOND\tedhudek
WdfDpcCancel,wdfdpc.h,"['Wdf.h', 'Wdfdpc.h']","['Windows_Driver_Foundation_Headers\\kmdf\\1.11\\wdfdpc.h', 'Windows_Driver_Foundation_Headers\\kmdf\\1.13\\wdfdpc.h', 'Windows_Driver_Foundation_Headers\\kmdf\\1.15\\wdfdpc.h', 'Windows_Driver_Foundation_Headers\\kmdf\\1.17\\wdfdpc.h', 'Windows_Driver_Foundation_Headers\\kmdf\\1.19\\wdfdpc.h', 'Windows_Driver_Foundation_Headers\\kmdf\\1.21\\wdfdpc.h', 'Windows_Driver_Foundation_Headers\\kmdf\\1.23\\wdfdpc.h', 'Windows_Driver_Foundation_Headers\\kmdf\\1.9\\wdfdpc.h']",WDK,wdf,function,method,method,N,Type Mismatch,18C5D66E-8EEA-42A8-83BD-056E0D75F31C,N/A,wdf\wdfdpccancel.htm,WDFDPC\SkeletonMD\nf-wdfdpc-wdfdpccancel.md,REDMOND\tedhudek
WdfDpcCreate,wdfdpc.h,"['Wdf.h', 'Wdfdpc.h']","['Windows_Driver_Foundation_Headers\\kmdf\\1.11\\wdfdpc.h', 'Windows_Driver_Foundation_Headers\\kmdf\\1.13\\wdfdpc.h', 'Windows_Driver_Foundation_Headers\\kmdf\\1.15\\wdfdpc.h', 'Windows_Driver_Foundation_Headers\\kmdf\\1.17\\wdfdpc.h', 'Windows_Driver_Foundation_Headers\\kmdf\\1.19\\wdfdpc.h', 'Windows_Driver_Foundation_Headers\\kmdf\\1.21\\wdfdpc.h', 'Windows_Driver_Foundation_Headers\\kmdf\\1.23\\wdfdpc.h', 'Windows_Driver_Foundation_Headers\\kmdf\\1.9\\wdfdpc.h']",WDK,wdf,function,method,method,N,Type Mismatch,60B41766-28E2-4213-BB00-9CA3695DA71C,N/A,wdf\wdfdpccreate.htm,WDFDPC\SkeletonMD\nf-wdfdpc-wdfdpccreate.md,REDMOND\tedhudek
WdfDpcEnqueue,wdfdpc.h,"['Wdf.h', 'Wdfdpc.h']","['Windows_Driver_Foundation_Headers\\kmdf\\1.11\\wdfdpc.h', 'Windows_Driver_Foundation_Headers\\kmdf\\1.13\\wdfdpc.h', 'Windows_Driver_Foundation_Headers\\kmdf\\1.15\\wdfdpc.h', 'Windows_Driver_Foundation_Headers\\kmdf\\1.17\\wdfdpc.h', 'Windows_Driver_Foundation_Headers\\kmdf\\1.19\\wdfdpc.h', 'Windows_Driver_Foundation_Headers\\kmdf\\1.21\\wdfdpc.h', 'Windows_Driver_Foundation_Headers\\kmdf\\1.23\\wdfdpc.h', 'Windows_Driver_Foundation_Headers\\kmdf\\1.9\\wdfdpc.h']",WDK,wdf,function,method,method,N,Type Mismatch,C191A00C-C66C-41E3-A333-4D24918BDE14,N/A,wdf\wdfdpcenqueue.htm,WDFDPC\SkeletonMD\nf-wdfdpc-wdfdpcenqueue.md,REDMOND\tedhudek
WdfDpcGetParentObject,wdfdpc.h,"['Wdf.h', 'Wdfdpc.h']","['Windows_Driver_Foundation_Headers\\kmdf\\1.11\\wdfdpc.h', 'Windows_Driver_Foundation_Headers\\kmdf\\1.13\\wdfdpc.h', 'Windows_Driver_Foundation_Headers\\kmdf\\1.15\\wdfdpc.h', 'Windows_Driver_Foundation_Headers\\kmdf\\1.17\\wdfdpc.h', 'Windows_Driver_Foundation_Headers\\kmdf\\1.19\\wdfdpc.h', 'Windows_Driver_Foundation_Headers\\kmdf\\1.21\\wdfdpc.h', 'Windows_Driver_Foundation_Headers\\kmdf\\1.23\\wdfdpc.h', 'Windows_Driver_Foundation_Headers\\kmdf\\1.9\\wdfdpc.h']",WDK,wdf,function,method,method,N,Type Mismatch,0E55BB7F-B883-4F3C-8F58-E8775E95BAC9,N/A,wdf\wdfdpcgetparentobject.htm,WDFDPC\SkeletonMD\nf-wdfdpc-wdfdpcgetparentobject.md,REDMOND\tedhudek
WdfDpcWdmGetDpc,wdfdpc.h,"['Wdf.h', 'Wdfdpc.h']","['Windows_Driver_Foundation_Headers\\kmdf\\1.11\\wdfdpc.h', 'Windows_Driver_Foundation_Headers\\kmdf\\1.13\\wdfdpc.h', 'Windows_Driver_Foundation_Headers\\kmdf\\1.15\\wdfdpc.h', 'Windows_Driver_Foundation_Headers\\kmdf\\1.17\\wdfdpc.h', 'Windows_Driver_Foundation_Headers\\kmdf\\1.19\\wdfdpc.h', 'Windows_Driver_Foundation_Headers\\kmdf\\1.21\\wdfdpc.h', 'Windows_Driver_Foundation_Headers\\kmdf\\1.23\\wdfdpc.h', 'Windows_Driver_Foundation_Headers\\kmdf\\1.9\\wdfdpc.h']",WDK,wdf,function,method,method,N,Type Mismatch,C83C1A90-9925-4E36-BFE9-888D467D0698,N/A,wdf\wdfdpcwdmgetdpc.htm,WDFDPC\SkeletonMD\nf-wdfdpc-wdfdpcwdmgetdpc.md,REDMOND\tedhudek
WdfDeviceMiniportCreate,wdfminiport.h,['Wdfminiport.h'],"['Windows_Driver_Foundation_Headers\\kmdf\\1.11\\wdfminiport.h', 'Windows_Driver_Foundation_Headers\\kmdf\\1.13\\wdfminiport.h', 'Windows_Driver_Foundation_Headers\\kmdf\\1.15\\wdfminiport.h', 'Windows_Driver_Foundation_Headers\\kmdf\\1.17\\wdfminiport.h', 'Windows_Driver_Foundation_Headers\\kmdf\\1.19\\wdfminiport.h', 'Windows_Driver_Foundation_Headers\\kmdf\\1.21\\wdfminiport.h', 'Windows_Driver_Foundation_Headers\\kmdf\\1.23\\wdfminiport.h', 'Windows_Driver_Foundation_Headers\\kmdf\\1.9\\wdfminiport.h']",WDK,wdf,function,method,method,N,Type Mismatch,63C84FD3-0B4E-4B72-A3F3-DBD2E6F67FA7,N/A,wdf\wdfdeviceminiportcreate.htm,WDFMINIPORT\SkeletonMD\nf-wdfminiport-wdfdeviceminiportcreate.md,REDMOND\tedhudek
WdfDriverMiniportUnload,wdfminiport.h,['Wdfminiport.h'],"['Windows_Driver_Foundation_Headers\\kmdf\\1.11\\wdfminiport.h', 'Windows_Driver_Foundation_Headers\\kmdf\\1.13\\wdfminiport.h', 'Windows_Driver_Foundation_Headers\\kmdf\\1.15\\wdfminiport.h', 'Windows_Driver_Foundation_Headers\\kmdf\\1.17\\wdfminiport.h', 'Windows_Driver_Foundation_Headers\\kmdf\\1.19\\wdfminiport.h', 'Windows_Driver_Foundation_Headers\\kmdf\\1.21\\wdfminiport.h', 'Windows_Driver_Foundation_Headers\\kmdf\\1.23\\wdfminiport.h', 'Windows_Driver_Foundation_Headers\\kmdf\\1.9\\wdfminiport.h']",WDK,wdf,function,method,method,N,Type Mismatch,094181AF-FCAF-422B-AC44-6EB16D89636C,N/A,wdf\wdfdriverminiportunload.htm,WDFMINIPORT\SkeletonMD\nf-wdfminiport-wdfdriverminiportunload.md,REDMOND\tedhudek
MmGetMdlByteCount,wdm.h,"['Ntddk.h', 'Wdm.h', 'Ntifs.h']",['Kernel_Mode_Headers_(x86)\\wdm.h'],WDK,Benchmark,function,macro,macro,N,Type Mismatch,5B0474FE-F1F7-44A6-8146-2F57C86C78EC,N/A,kernel\mmgetmdlbytecount.htm,WDM\SkeletonMD\nf-wdm-mmgetmdlbytecount.md,REDMOND\prwilk
WppRecorderConfigure,wpprecorder.h,['Wpprecorder.h'],['Kernel_Mode_Headers_(x86)\\wpprecorder.h'],WDK,devtest,function,method,method,N,Type Mismatch,DA11F05C-D215-4129-AA5D-5A23F38A875E,N/A,devtest\wpprecorderconfigure.htm,WPPRECORDER\SkeletonMD\nf-wpprecorder-wpprecorderconfigure.md,REDMOND\nabazan
WppRecorderDumpLiveDriverData,wpprecorder.h,['Wpprecorder.h'],['Kernel_Mode_Headers_(x86)\\wpprecorder.h'],WDK,devtest,function,method,method,N,Type Mismatch,92ADB5AE-F534-40BE-BD07-F2FB24FE701E,N/A,devtest\wpprecorderdumplivedriverdata.htm,WPPRECORDER\SkeletonMD\nf-wpprecorder-wpprecorderdumplivedriverdata.md,REDMOND\nabazan
WppRecorderLogCreate,wpprecorder.h,['Wpprecorder.h'],['Kernel_Mode_Headers_(x86)\\wpprecorder.h'],WDK,devtest,function,method,method,N,Type Mismatch,EDCE1B63-E3DA-47FB-9278-2958DC3091F1,N/A,devtest\wpprecorderlogcreate.htm,WPPRECORDER\SkeletonMD\nf-wpprecorder-wpprecorderlogcreate.md,REDMOND\nabazan
WppRecorderLogDelete,wpprecorder.h,['Wpprecorder.h'],['Kernel_Mode_Headers_(x86)\\wpprecorder.h'],WDK,devtest,function,method,method,N,Type Mismatch,7050AE2E-4A1B-4ED8-98E3-21F6D2E5684A,N/A,devtest\wpprecorderlogdelete.htm,WPPRECORDER\SkeletonMD\nf-wpprecorder-wpprecorderlogdelete.md,REDMOND\nabazan
WppRecorderLogSetIdentifier,wpprecorder.h,['Wpprecorder.h'],['Kernel_Mode_Headers_(x86)\\wpprecorder.h'],WDK,devtest,function,method,method,N,Type Mismatch,CEB667ED-33BE-443D-9DB8-0A4BF932A87C,N/A,devtest\wpprecorderlogsetidentifier.htm,WPPRECORDER\SkeletonMD\nf-wpprecorder-wpprecorderlogsetidentifier.md,REDMOND\nabazan
ReadFromHardware,wudfddi.h,['Wudfddi.h'],"['Windows_Driver_Foundation_Headers\\umdf\\1.11\\wudfddi.h', 'Windows_Driver_Foundation_Headers\\umdf\\1.9\\wudfddi.h']",WDK,wdf,function,refpage,refpage,N,Type Mismatch,E5DCFA3B-FFEE-4122-9FB8-95832715EF75,N/A,wdf\iwdfdevice3_readfromhardware.htm,WUDFDDI\SkeletonMD\nf-wudfddi-iwdfdevice3-readfromhardware.md,REDMOND\tedhudek
WriteToHardware,wudfddi.h,['Wudfddi.h'],"['Windows_Driver_Foundation_Headers\\umdf\\1.11\\wudfddi.h', 'Windows_Driver_Foundation_Headers\\umdf\\1.9\\wudfddi.h']",WDK,wdf,function,refpage,refpage,N,Type Mismatch,ED511024-F3D3-4A9C-9D6A-FF3BD0986E16,N/A,wdf\iwdfdevice3_writetohardware.htm,WUDFDDI\SkeletonMD\nf-wudfddi-iwdfdevice3-writetohardware.md,REDMOND\tedhudek
